ENSPTRG00000000649	-2.3606034621380907	-2.48648130901109	-3.40473285879553	-3.9163436772699285	-2.2948902545105674
ENSPTRG00000000680	-2.791651287715826	-2.596636829417947	-2.7060821743584764	-2.7921727216278636	-2.2681396272194103
ENSPTRG00000000726	-3.1561204146619466		-2.5309997270843065	-2.061422027539414	-3.0295442793673097
ENSPTRG00000000963	-2.426717991685604	-2.869236270129364	-2.589999779528493	-2.5572777907694353	-3.679466836062386
ENSPTRG00000001238	7.408212534650011	8.367227940684932	8.367123203591742	10.091077850714486	7.897081440190624
ENSPTRG00000001371	-3.519456398941564	-4.205424402838864	-2.2419162860112007	-3.4272132587228974	
ENSPTRG00000001579	3.0557278121551943	2.645199954632577	2.1469925007102986		2.039375359625589
ENSPTRG00000001586	-2.6203889628646917	-2.78065690311823	-2.6560273972382604		-2.2566800883094906
ENSPTRG00000001835	-4.663361434343332	-2.0714960852034663	-4.0191746339675944	-2.959605749971717	-5.113256973932984
ENSPTRG00000001876		-2.919935502798633	-2.415269474493518	-2.089675457580077	-2.1743922892994894
ENSPTRG00000002719	-2.774591485571006	-2.65516309894085	-3.0605107943574135	-2.8627639330497656	-2.2345540354729074
ENSPTRG00000002850	-2.277765425603919	-2.310112506929333	-2.7005539382236896	-2.685544983588082	
ENSPTRG00000002947	-2.0431848183609493	-2.461983350749818	-2.341539252049576		-2.680209651738747
ENSPTRG00000003166	-4.8991091285622215	-3.6532234208010537	-4.563670723545956	-4.314764494580319	
ENSPTRG00000003354	2.3678987141826657	2.4372934426502386	3.25794963772701		2.9466187471895577
ENSPTRG00000003768	-2.7034525560858396	-2.7647896647570294	-2.613304538130584	-3.2513280321488445	-3.6737389971098713
ENSPTRG00000003805	3.2395175158001708	2.6590625123481786	4.4483547336704765	2.7232680982337087	
ENSPTRG00000004083	2.349094282403321	2.3119417051425284	2.700072157167685		2.651587878552493
ENSPTRG00000004091	-2.3817384153508785	-2.184280182260307	-2.5540247752815404	-2.860646565607619	
ENSPTRG00000004212	-2.5272810354011144	-2.9771136595016436	-2.9787572863032055	-2.7715064963087306	-2.516279008599515
ENSPTRG00000004361	-5.769174499203923	-6.6501130456101825	-6.146973354670865	-7.796060134256592	-6.709346222763043
ENSPTRG00000004369	3.341471790561504	4.1678569867428354	2.9912481700277196	3.174957600985914	2.963866378624599
ENSPTRG00000004392	2.358898450619386	2.7646614765114763	2.2907987585856158		2.775294425507175
ENSPTRG00000004444	-2.3411536579247874	-2.426580775968387	-2.4345014225711497	-2.3511543694130164	
ENSPTRG00000004549		2.0199611219712827	2.1843682600108947	2.075696555153882	2.4516378209661327
ENSPTRG00000004722	8.270258985752992	9.16513472814489	9.09864452186373	9.541353701037858	9.267171412521424
ENSPTRG00000004788		-2.4357292802294963	-2.5888890294826328	-2.524745961272392	-2.4335381175498316
ENSPTRG00000004802	-2.0495686883150577	-2.612620266532589	-2.029476257397706		-2.324388442982542
ENSPTRG00000004912	-2.0085862346587025		-2.4690234606914063	-2.3102899388244027	-2.5909463201695053
ENSPTRG00000005173	-2.500610812254055	-2.6077279885642195	-2.0448014584427585	-2.2110853342473575	
ENSPTRG00000005240	-2.6243856096772387	-3.209430068872241	-2.494020016853943		-2.8515214961622544
ENSPTRG00000005448	-2.1229409557163734	-2.7052099485132723	-2.739104166427834	-2.769656383359177	-2.9181898021734334
ENSPTRG00000005536	6.2940294013971085	7.159731434955341	6.779909583813192	8.199985300677307	7.551243011427024
ENSPTRG00000005730	-2.381655030650549	-2.4745735976315872	-2.680020004373277	-2.0568565696052374	-3.0903036773927837
ENSPTRG00000005802	-2.132543948274923	-2.229398321551539	-2.242073418987476	-2.167429202021134	
ENSPTRG00000006088	-5.142048828058914	-4.9457641106924495	-3.6663187810569093	-4.07874702864653	-4.0445838332340935
ENSPTRG00000006213	-3.7808069294506788	-4.290666042953227	-4.627766267727559	-4.751675662229173	-4.546308681506374
ENSPTRG00000006312	-2.778967631557696	-3.2585706442813174	-2.3343654887358833	-3.5759799696602297	-3.115058811450306
ENSPTRG00000006456	-3.5742215628275997	-3.3557122800021406	-2.5621118421009017	-3.6665916244593415	-4.595410742138341
ENSPTRG00000006468	-2.2784101829467294	-2.1818564904838706	-2.6595524609926233	-2.288990553325774	-2.6175614644866725
ENSPTRG00000007005	-2.3194317141284526	-2.885640736830941	-3.1168137504809383	-3.6798747427579053	-2.3261485802016932
ENSPTRG00000007041	-2.4171722964951194		-3.1213845602674195	-2.7314679483895703	-3.018789885250977
ENSPTRG00000007195	-2.419996000996547	-2.450412718296756	-2.180605314477326	-2.2853305889782676	-3.2966325618688868
ENSPTRG00000007228	-2.0138670460073747		-2.178804738126384	-3.2033573215582996	-2.2336425741539654
ENSPTRG00000007247	-2.0033992496970483	-2.277537746949893	-2.9620042158271054	-3.3515533490502962	-2.0638000626626654
ENSPTRG00000007612	-2.2547726611385976	-2.6060665098531732		-2.1995432297037874	-2.9730988864503836
ENSPTRG00000007645	2.8302021609067216	3.01189048896965	3.596034641499601		3.440587367412277
ENSPTRG00000007646	-4.327812964088018	-4.981217857651667	-4.724455582468565	-5.582108591897975	-5.064558822715514
ENSPTRG00000007782	2.119842023731938	2.389742379037905	2.8165675977547964	2.8740077640719464	
ENSPTRG00000007823	-3.3786627850724056	-3.0265309170728063	-3.2031484275167283	-4.169382724914862	-3.492549758895137
ENSPTRG00000008103	-2.5217655856656798	-2.487977279230527	-2.383412393893663	-2.286279955938269	-2.423294800704598
ENSPTRG00000008254	-2.018203461427526	-2.1914788824887608	-2.353867385127257	-2.720974175814916	
ENSPTRG00000008273		-2.1343730470863918	-2.3172214095154176	-2.116163251243368	-2.560274440953078
ENSPTRG00000008296	2.5760566952556574	3.6107499416978435	3.5639989004914208	2.037002611703004	3.302060435421867
ENSPTRG00000008321	-2.2626495858121527	-2.4769821077639507	-2.7141646240263175	-2.121908610097865	-3.2484315026512642
ENSPTRG00000008384	-2.670700703211584	-2.949810412252886	-3.299735131714035	-3.4438763346057275	-2.3197010717612385
ENSPTRG00000008668	-2.274807198133913	-2.893416550386322	-2.5105957599823054	-3.7655784577835685	-2.4989089994789486
ENSPTRG00000008742	-2.8762026098909423	-3.0654492325842018	-2.408664704115752	-2.307581020065778	-3.272805997864442
ENSPTRG00000008899	-2.844498992333661	-3.259329685169237	-2.0606303092745377	-2.7676019888133516	
ENSPTRG00000008925	-2.331792664871626	-2.444191032213729	-2.180229311731064		-2.1620067175364377
ENSPTRG00000009425	-2.259260575459565		-2.1643775260703646	-2.6279534634957473	-2.357323032781502
ENSPTRG00000009574	-2.415083183919258	-2.33422294853314	-2.5803246826426176	-2.599240534420544	-2.799137436423459
ENSPTRG00000009592	3.513192995559142	3.2828787235873844	3.0553904899260367		2.8475307538554318
ENSPTRG00000009667	-2.447511693881778	-2.9113745726114533	-3.3790357450392983		-2.6090021286283966
ENSPTRG00000009790	-2.6622712575802363	-2.741677458477622	-2.112361005735595	-2.7251476747895875	
ENSPTRG00000010012	-2.658775772429978	-2.737414900355158	-2.7331014785507755	-2.8173867136765076	-2.2015045285650867
ENSPTRG00000010161	2.4758131069521316	2.478263364295255	3.718563630459222		3.045498489209151
ENSPTRG00000010200	-3.263755820363754	-2.8519152092752114	-3.046243140200933	-3.5505133771002204	-3.825702664680206
ENSPTRG00000010221	2.1368750206366993	2.3369839166772146	2.6166352448673673		2.062014719077006
ENSPTRG00000010298	2.270607814770852	2.0499917660719014	2.6448863969168706		2.370446133435845
ENSPTRG00000010707	2.3134675099849433	2.760951117128948	3.356872141139992		4.378356772511144
ENSPTRG00000010836		-2.043151950931878	-2.2918316009013657	-2.7280279451107914	-2.6187384974865986
ENSPTRG00000011087	2.4305293547521307	2.6545934367730455	3.073892555437562		3.734045737583082
ENSPTRG00000011143	2.509078008833702	3.027037741878543	2.705901702079322		3.1209266601973544
ENSPTRG00000011166	-2.4334508136054045	-2.746900432216436	-3.339615453998569	-3.4685281896340308	-2.3713925787429444
ENSPTRG00000011298	-3.918002664265923	-3.7811372712791806	-2.7995322159121416	-3.770184123407112	-4.474817942726008
ENSPTRG00000011299	-2.174381062140724	-3.1014913773252717	-2.8700190268128085	-3.0762796112825943	-3.381557924321209
ENSPTRG00000011371	2.7647990239115288	2.923715610346562	2.8445854016322505		2.7516264738384564
ENSPTRG00000011548	2.5611741090216076		3.4266589053685426	2.676997508606273	3.4118258478494674
ENSPTRG00000011615	-5.358010558146392	-5.8646191914575425	-5.163150244182032	-6.733480854764405	-6.127201069080337
ENSPTRG00000011678	-2.5106417928265405	-2.867276686119845	-2.9531855379211436		-2.567836462596533
ENSPTRG00000011928	-3.128625903482992	-3.3858667737966157	-3.933537044461523	-5.757222902383545	-6.299146690931293
ENSPTRG00000011959	-2.597413177176311	-2.3987813767677757	-2.2400109176586023	-2.0777725903992557	-2.0561516274126257
ENSPTRG00000011978		-2.131674265900725	-2.1229703400760815	-2.0711148796290457	-2.2039631304730474
ENSPTRG00000011996	-2.4429663903964953	-2.3983540089067836	-2.257456180704601		-3.8582168495005105
ENSPTRG00000012029	-4.589011139794646	-3.879003262927842	-2.9093014442404512		-3.260473647267674
ENSPTRG00000012332	-2.105307478004286	-2.3422445299178216	-2.10041830325987		-2.841687095915528
ENSPTRG00000012703	-2.223913291818745	-2.4261307723824914	-2.0013198680805626	-2.7589089478524453	-2.388334434929106
ENSPTRG00000012839	3.204676854979602	2.019241933706449	2.4953265893023837		2.678630837715906
ENSPTRG00000012901	3.1597703745999604	2.190090145113085	5.684373963818314		3.5781527273225846
ENSPTRG00000013108	-2.7328893536863785	-2.7092781314069643	-2.5324813359246883	-2.567373212319076	
ENSPTRG00000013176	2.4033072599845426	2.96909026745904	2.343758637285848	2.509931417229634	2.0392497418042876
ENSPTRG00000013318	2.9847564052438775	2.976873286689287	2.05173139816477		3.5215544672954375
ENSPTRG00000013344	-2.2697694534936526	-2.5240416088003816	-2.70710810483798	-2.420718994054844	
ENSPTRG00000013510		-2.8422251372948764	-2.405930062458041	-2.4870034187344934	-4.040264894744276
ENSPTRG00000013708	-3.5386888586982623	-4.9664158741206	-2.5097158411150327	-2.5725940697093113	-2.2634902515149737
ENSPTRG00000014398		-2.8817224231686764	-2.2379431572819803	-2.84939866970585	-2.401757246804351
ENSPTRG00000014441	3.0862959490562245	2.4525896269584333	3.6384988157772606		2.8067508981473512
ENSPTRG00000014616	-2.1249418782047846		-2.1278569201270274	-2.211605095571274	-2.8955252991860845
ENSPTRG00000014695	-2.1425276884034132		-2.62504393244261	-3.008436286452174	-2.678528294699537
ENSPTRG00000014797		-2.1007942506947286	-2.351673147176525	-2.047709044839836	-2.8961870167810466
ENSPTRG00000014802	-2.5668524317339925	-2.8733436164209816		-3.1545387096095885	-3.3542025110769833
ENSPTRG00000014841	2.1810137906730542	4.53390634754199	2.758022365049928	2.0131486718239566	4.363240989310912
ENSPTRG00000014880	2.923783105387002	2.400850471237968	3.057241086263419	2.203909992050394	
ENSPTRG00000015565	2.9560923115726863	3.2975165531675503	2.819921889738412	2.7084121870326157	4.02882657656714
ENSPTRG00000015613		-3.334771528713058	-2.4409155264427405	-3.4694015724633234	-2.672379605230371
ENSPTRG00000015617	2.320417946294056	3.6625886750255887	3.5904274035175208	2.880588785940549	
ENSPTRG00000015800	-2.8010950914299886	-3.1164908207607165	-2.735839511660282	-4.242957441799561	-3.439158135927651
ENSPTRG00000015930	3.366097847186918	2.1178646665355814	4.1563833527239105	2.459720028803732	2.395273676440623
ENSPTRG00000016106	2.56460030697377	5.040347854226692		2.727312930397554	3.6874947459072986
ENSPTRG00000016649	-2.041345317468323	-2.787931510059034	-2.8990182514479303	-2.463809695530096	-2.3887987577239267
ENSPTRG00000016737	-2.1790276158431348	-2.631379884720048	-2.1092820510134196	-3.2458627585684034	-3.2011149325571884
ENSPTRG00000016990	-3.493372680952456	-3.303424802419759	-2.676783031920471	-2.328270225411275	-2.4793434015806564
ENSPTRG00000017013	-2.1022358838700255	-2.7422893352925635	-2.455394965756131	-2.916490468143183	-3.2751865649772505
ENSPTRG00000017052	-2.508477027046279	-2.8035442771703463	-2.6990330239475657	-2.5265556259436615	-3.347450111613344
ENSPTRG00000017115	4.417323182444635	2.5140324900338125	3.307271698966075		2.0481532488779712
ENSPTRG00000017277		-2.751282219210668	-2.5259383400957596	-2.0649053415417757	-2.3668449874225517
ENSPTRG00000017737	-3.0859227250541927	-3.6565387821636715		-2.4528176674795352	-3.734914873318045
ENSPTRG00000017780	-2.267662604242696	-3.4427956517017573	-3.3099612321319367	-3.401591531287734	-3.1241092743726497
ENSPTRG00000017796	3.3042204771817394	3.3175592680580532	4.167387664416945	3.3738955036335367	
ENSPTRG00000017804	5.766213367668263	6.855221032141658	5.708672319155759	6.507613549546525	4.741871792370834
ENSPTRG00000017810	9.825795863201249	9.93645991910916	10.207708464176967	10.789710149250551	8.986733049125704
ENSPTRG00000017819	8.747895042539426	9.169429832676208	9.037098105504766	9.999018121789245	7.326205278748635
ENSPTRG00000017824	8.341163125142941	9.056489005351638	8.567867695221311	9.76530799280658	8.76974555426008
ENSPTRG00000017858	9.478914549464049	9.938267537948942	10.352436572242835	11.24120446577893	9.167882591539941
ENSPTRG00000017989	-6.534950476960223	-5.3511661551259575	-4.4896920569010454	-5.792194779469869	-3.6351066246926216
ENSPTRG00000018011		-2.9905025841933757	-3.2075346053099647	-3.7631862455167813	-2.9415465570515873
ENSPTRG00000018039	-2.660156493904234	-2.9079889955984255	-2.7855758993795723	-2.1342163318098577	-2.2957605239857206
ENSPTRG00000018043	2.5262107748931864	2.657255441316737	2.8773566545538483		3.1282904763597217
ENSPTRG00000018063	-4.026919554248848	-4.405578931800985	-4.792883927723183	-5.445063246983945	-5.658983328882571
ENSPTRG00000018175	-2.999928701398896	-2.1289970442762325	-2.7028444167206183	-3.3318576083592713	-3.6390477096038607
ENSPTRG00000018347	-3.83784560991853	-4.258418248670409	-3.711621211101614	-3.370100657837337	-3.8466775187606714
ENSPTRG00000018517	3.451681087276753	3.660849797409164	3.576706361855357	2.2153283483306305	3.1019559490529387
ENSPTRG00000018618	-3.9492851185490125	-4.5962737933071995	-4.335654501645779	-3.7716703477395623	-4.921572027383062
ENSPTRG00000018690	-2.4014102542786113	-2.417889093849624	-2.1269085808327484	-2.31152402494385	
ENSPTRG00000018920	-2.1506843497372574	-2.335159572880453	-2.2952856803665425	-2.707949480482071	-2.100118411697804
ENSPTRG00000019288	-2.196701866925526	-2.485994202964715	-2.161518230765056	-2.593262307286843	-2.022200651291028
ENSPTRG00000020091		-2.2480183419056425	-2.1123390180128734	-2.21840458415776	-2.0164343880719526
ENSPTRG00000020264	-3.616805385270188	-3.938851249140115	-3.3366357896690197	-2.87674144295616	-3.7754678104091064
ENSPTRG00000020454	-2.0960039341075656	-2.480249203146811	-2.0088305918166127		-2.594071519007028
ENSPTRG00000020485	-2.267936844688924	-2.308207442243397	-2.2073991450290866	-2.0334236828941123	
ENSPTRG00000020531	4.2311161225097775	2.048820886845986	4.430679373024077		3.6940575254526324
ENSPTRG00000021061	2.450332032125569	2.161948437692893	2.2872014353784675	3.600878255052788	2.1660472101426373
ENSPTRG00000022012		-2.9037374090963834	-3.529608416377623	-2.859591488353148	-2.600345894669712
ENSPTRG00000022025	-5.487225330517842	-6.051723946784943	-5.8019998082093425	-5.921480308815877	-5.861002641445469
ENSPTRG00000022371	-2.278347090411815	-2.188372501583778	-2.179119983800428		-4.991595582153776
ENSPTRG00000022605	-2.007861867512546	-2.2882215836597317	-2.270616143355213	-2.361219085837026	-2.3120772912572667
ENSPTRG00000022733	-2.834069970128026	-2.5181912313073855	-3.0220206902177136	-3.2627923873672295	-2.939856571292062
ENSPTRG00000023647	2.302166160401454	3.1064131943453366	2.268397582825057		3.327033157214213
ENSPTRG00000024222	-2.5892947157021053		-2.9251185587017345	-4.163168726935883	-3.835735540691924
ENSPTRG00000028180	3.2212791132188388	2.603720647329487	2.7810297118292953	4.721736801133909	3.891114173308022
ENSPTRG00000028525	-2.770806077524508	-3.1648087846654502	-3.282887340361058	-2.521944606978753	-2.593330412237654
ENSPTRG00000029209	3.1714699142791765	3.0554386230117503	3.2064834469384484		4.053477256162163
ENSPTRG00000029350		-2.4037694249656196	-2.134214972939652	-2.3051521573335982	-2.3192599072261126
ENSPTRG00000029431	2.392410115950148	2.1771549689390106	2.7288350246359965		2.4035255664423913
ENSPTRG00000029491	-2.8150294414209265	-3.103982719321025	-2.2493182993469776	-3.3069914441342063	
ENSPTRG00000029801	6.004314439371735	6.431668607000735	6.119262012842991	7.909422921595915	6.169767641735469
ENSPTRG00000029870	3.258500081246567	3.6011814346437054	4.414078703728529		3.1729541057293837
ENSPTRG00000030689		2.951928088797681	3.02925939984988	3.27960912714973	3.8617492036365726
ENSPTRG00000031284	2.1067933936489727	2.6842483346189656	2.624328102593333		2.7895335252352367
ENSPTRG00000032528	-2.7749620713908354	-3.109553899787288	-3.5723433547589063	-3.038047361984568	-3.73511671628555
ENSPTRG00000033847	-2.6756075419247387	-2.7535455632819557	-2.1834911608728422	-2.663894911675262	
ENSPTRG00000033893	-2.5381141675951193	-3.169929010300624	-2.994687223799214	-2.556492733349335	-3.3968859918323737
ENSPTRG00000033922	-2.8297734090750524	-3.042396777411209	-3.02486679636857	-2.5369509773215713	-4.099977794263595
ENSPTRG00000034082	-3.800871339123359	-4.022214275274386	-4.295735158432768	-3.9787752018977716	-3.8219887396717125
ENSPTRG00000034187		2.4913731268349797	2.879829815927969	3.073891048247992	2.3221414375982574
ENSPTRG00000034202	-2.994198794803305	-3.344457458478553	-2.4252169129433163	-3.3168684595639486	-2.7073475816591803
ENSPTRG00000034246	-3.4876827157145236	-2.5184543420593384	-3.541767238530463	-3.8254907476554245	-2.4463441315031704
ENSPTRG00000034256	-3.4195223506030707	-3.738324293331354	-3.6916964105040977	-4.455077195538245	-3.427337448909982
ENSPTRG00000034313		-3.0291888404767766	-3.398474754453701	-3.699951175532763	-2.556612595323235
ENSPTRG00000034468		-2.7860746043991074	-2.8939707668412855	-3.3162585621446037	-2.372137937044642
ENSPTRG00000039153	-2.7526700950062852	-2.6533859777377944	-2.2862157253668447	-2.2904939590245808	-2.913636831953035
ENSPTRG00000039326	-3.9400172666708952	-4.786135630051677	-4.484184931795823	-4.834914325538173	-3.119420219977919
ENSPTRG00000039710	-2.0931354915821356		-2.2209757807144097	-2.276165430153218	-2.067392786196595
ENSPTRG00000039769	-4.282029016826168	-5.512214062768871	-4.660637513899145	-5.421300123913806	-5.269769022536195
ENSPTRG00000039806		-2.3795268849941555	-2.2141526693164186	-2.56051579625204	-2.5191136470178948
ENSPTRG00000039913	-2.5667036514440515	-2.235884573796722	-2.0667345857021635	-2.6725451819899315	-2.4963757830939803
ENSPTRG00000039924	3.9162854365088364	3.831095029793548	4.1835034877273625	3.3695366446674497	2.4067611815494825
ENSPTRG00000040016	-4.3563087057913235	-4.323355004047115	-5.022768296321161	-6.507757890357741	-5.1918771907557835
ENSPTRG00000040156	-2.416308631851364	-2.998184179042401	-2.507519624600436	-2.4552004678547603	-2.90721572121456
ENSPTRG00000040466	2.1186912796234374	3.217644298185854	2.0559650554038376		2.7233684960558264
ENSPTRG00000040723	-3.1776613709881882	-2.1070743170686246	-3.299559926809193	-3.7735356356663208	-2.338622025442776
ENSPTRG00000040787		-2.389279518282343	-2.3108301049402287	-2.239231375739246	-3.095358685288524
ENSPTRG00000040847	-4.653228299320972	-4.437781109059252	-4.369117265830668	-6.084225848977524	-4.116378447650683
ENSPTRG00000041089	-2.9377010858769945	-3.1093081484636618	-2.16574728549549	-2.844824756343131	
ENSPTRG00000041347	-3.5241561338054863	-3.923004889343584	-3.210682558534041	-3.859090479922821	-3.9856859176199646
ENSPTRG00000041536	-3.1580503495060284	-3.3879296077993253	-2.361957297913055	-2.3800417946356194	-2.4569480101172103
ENSPTRG00000041719	-2.0455581518283377		-2.930864780218392	-2.608377241774989	-2.393260748620342
ENSPTRG00000041722	-2.209535087253435	-2.037552315816031	-2.1885002362942716	-2.563381391350241	-2.6530486438971828
ENSPTRG00000041894	-2.997907620675999	-3.404329463561379	-3.4316960343472824	-3.9103085044181314	-3.5749888148468005
ENSPTRG00000042020	4.10174698132117	2.071613270859832	3.499151027414256		2.3095934911687785
ENSPTRG00000042167	-3.252617400172061	-3.6673305310950193	-3.301108518924892	-3.4885366764821653	-2.492807515689001
ENSPTRG00000042548	2.591633163752634	2.3279539884815783	2.344512276414027		2.472776878441508
ENSPTRG00000042626	-4.924232988408676	-4.9790820020448	-2.178748833197657	-2.2359956513861254	-4.810360230429824
ENSPTRG00000042628	-4.351068838630175	-5.182659629190636	-5.564556166774917	-4.103965494160824	-5.150860761590466
ENSPTRG00000042631	-5.835299559920879	-5.847919916507966	-6.3072513620540684	-4.86512457878075	-5.563539061300688
ENSPTRG00000042637	-4.071577692618172	-4.080543253546707	-4.846290003144646		-5.543451697569502
ENSPTRG00000042639	-5.290881939024624	-6.132972164285674	-7.032992619444966	-5.716653669518586	-6.318839051920818
ENSPTRG00000042641	-4.917479393105043	-5.705226646390537	-6.49023910956808	-4.830167537023116	-5.165173863101907
ENSPTRG00000042650	-4.524571720272304	-5.234992312594069	-2.3554314613331866	-4.85221045021798	-6.316084698778939
ENSPTRG00000042651	-3.7013412795808276	-4.3765080267352925	-2.4320371711585587		-3.9208210246093347
ENSPTRG00000042653	-3.2753594714617376	-3.355319960897497	-3.578525685568173		-5.011900673076655
ENSPTRG00000042657	-4.18506499714067	-4.365704791950767	-4.135178978771222		-4.347315637510623
ENSPTRG00000042661	-3.1595504783641557	-3.697705828337512		-2.565952494593572	-3.7910976961064
ENSPTRG00000042663		-3.5381768219485212	-2.830260584043453	-3.7179435921915323	-3.867333157850104
ENSPTRG00000042676	-2.450530598120139	-2.450154685307496	-2.480844686152583	-2.428650686198625	-2.6674708514376384
ENSPTRG00000042706	7.445015472184948	8.728629968165611	8.526097827788487	9.673126605184631	8.466565578088527
ENSPTRG00000042747	2.093824288934899	2.285930799339178		2.0644256181598792	2.3465953762435063
ENSPTRG00000042751	8.78908956560713	9.517375358903415	9.201282703608308	10.512622378182519	9.194741301804429
ENSPTRG00000042847	-2.956115402083032	-3.036465064334563	-2.873905121614206	-2.491682439105495	
ENSPTRG00000042947	-3.991813679066541	-4.573528173836755	-4.452564185330573	-4.123247169603005	-3.839942749920444
ENSPTRG00000042959	-3.5726762546014283	-3.836806007858412	-4.232644601584185	-4.325247110897281	
ENSPTRG00000042970	-2.942730528099177	-2.9514842023279995	-4.759941323600235	-4.3850147525184	-4.120207838587309
ENSPTRG00000042986	-2.997907620675999	-3.370785894082874	-3.422883513257529	-4.018698603832416	-3.1138447650307963
ENSPTRG00000043030	-3.3899849615455597	-4.373101311927047	-4.478894574322551	-5.509240290733568	-4.711567010772909
ENSPTRG00000043077	-3.019475304876043	-3.953789519573246	-3.9943260581833098	-3.7061262266457953	-4.543353569303008
ENSPTRG00000043111	2.6941074607535382	3.1425209287833744		3.789224137680934	3.5125566026741337
ENSPTRG00000043112	-3.5119140751131654	-3.9908229456755957	-4.689600549871635	-3.9231373998772434	-3.4755133634111455
ENSPTRG00000043155	9.849888957368782	10.17130285396296	10.714623161512245	11.052682806252896	10.123035474037568
ENSPTRG00000043237	-2.2183647902083243	-2.817694749736486		-2.593978678840017	-2.7961744447796923
ENSPTRG00000043268	-4.045998821554072	-4.2376018583472135	-3.8463661872187203	-4.101107954601165	-4.305271340249916
ENSPTRG00000043287	-2.7853382566390983	-3.020572933756716	-3.237195896338855	-3.7205386233220663	-3.0737604296623076
ENSPTRG00000043288	-3.9831789328471543	-4.053463926608866	-4.549639876337854	-3.350960089882435	-3.5509952970561445
ENSPTRG00000043305	2.401375243235346	2.6878879739588344	2.3003471117465293		3.3399229044811203
ENSPTRG00000043345	6.814217725375857	7.853852126976443	6.16624938933094	8.661421956597389	7.165624439151021
ENSPTRG00000043373	2.094981334653199	2.159044710721699	2.448172340939201		2.524691229476001
ENSPTRG00000043374	-2.2058732522984474	-2.1100940474238974	-3.0620668974785796	-3.4670972587852003	-2.886399348972306
ENSPTRG00000043390	-2.0619442185940953	-2.7451165940108		-3.0043881426746033	-2.1242926287516024
ENSPTRG00000043394	-2.687485414364576	-3.207605425306714	-2.467001233023336	-3.9066106342760696	-2.355128621809139
ENSPTRG00000043412	3.2007105470094017	3.722343198607761	4.507568764980597	3.1792599371364174	3.710751065756646
ENSPTRG00000043490	-2.2633281113569437	-2.777661341115733	-2.6138711256347755	-2.5146620116449925	-2.5070170785304398
ENSPTRG00000043552	-3.7255284279518137	-3.9646843161655667	-3.708954747396533	-4.437209030152706	-3.54527500603722
ENSPTRG00000043603	-4.306452420955993	-5.078527761607587	-5.462425393497487	-3.554697739229767	-4.67811389022517
ENSPTRG00000043660	-3.7322354826670407	-4.2036301872144275	-4.619944276010264	-5.349265581479799	-4.668874995115233
ENSPTRG00000043682	5.612784429218373	7.014793376202176	5.6674515862410955	6.948354604714599	6.205320438336622
ENSPTRG00000043707	4.86475432739896	5.912693010699053	4.336802765433986	5.991073266752582	4.309160963676741
ENSPTRG00000043748	-4.1760324669645605	-2.438573924116517	-4.616638155507374	-4.118154784511423	-3.45273861234312
ENSPTRG00000043796	-2.4478722886061917	-3.326480667748695	-3.29251794529438	-3.6395688093117893	-3.516166537395539
ENSPTRG00000043834	-3.371909301998606	-3.1963839632951427	-3.322609353036859	-3.344297807554066	-4.135109766262855
ENSPTRG00000043867	2.6356833949487077	3.2470118663426835	2.679823346560845		2.76763196848245
ENSPTRG00000043872	-3.9953906341855054	-3.2492024367064856	-4.951595544582318	-4.884072168529958	-4.369243122037184
ENSPTRG00000043887	7.901266418127491	8.663242450464685	9.029020069301177	9.890813195072909	7.9004505344033
ENSPTRG00000043898	-2.606821062515738	-2.4259271074168134	-2.4223719334503593	-3.6029447033870454	-2.909769721977958
ENSPTRG00000043908	8.28244811372879	8.996779134597647	8.947633064718222	9.3623209729303	8.30166473177972
ENSPTRG00000043915	-2.3525594000178245	-2.629779910784139	-2.182122407410032	-3.2080104282082096	-2.7108076878510174
ENSPTRG00000043926	-3.0342177339762415	-3.3486180961141225	-3.466115385382049	-4.328561687665782	-3.8322744248942806
ENSPTRG00000043932	-2.0180680038952103	-3.942946279773047	-2.912095025859194	-3.022704887650854	
ENSPTRG00000043998	2.7718011952133685	3.497795280163833	2.963673599698226	3.073936212277057	4.0405872246191326
ENSPTRG00000044035		2.689940962117027	2.330930451104426	2.072287168789039	3.1296215198584423
ENSPTRG00000044059	-3.605481153575778	-4.049361135056572	-3.3515537248843494	-5.065636499240601	-2.497876901759314
ENSPTRG00000044083	-2.8972740410458484	-3.999472383093297	-4.105153364889032		-2.1908687209780657
ENSPTRG00000044092	-2.4427967211950814	-3.2884866705798195	-2.9741355286886884	-3.692824814909588	
ENSPTRG00000044125	-2.6403700458323116	-2.0989186267827087	-2.424819637375196		-2.886267693829573
ENSPTRG00000044185	4.801161839479339	5.080562948230782	6.102430455483403	6.635300913280795	4.689878848689849
ENSPTRG00000044192	-2.6930636861781756	-2.0549080916864817	-2.567912330976332	-3.0774908922323183	-3.260087927051749
ENSPTRG00000044197	-3.275270703144115	-4.04550728600668	-3.856980666795742	-3.6812778774269566	-3.8889311083602363
ENSPTRG00000044259	7.998647786109994	8.920146084165426	8.217978556653353	9.692470600740485	8.44697081642182
ENSPTRG00000044261	-3.7566216189947625	-4.072177871319612	-2.535917890548184	-4.847128362528424	-4.490112452524719
ENSPTRG00000044302	-5.009828724132911	-5.30425561622309	-5.7400373984542865	-7.062257911762628	-5.444858572639693
ENSPTRG00000044315	-2.91119138751105	-2.598815523926701	-3.6569815206223573	-3.663287071948181	-3.5396868866492612
ENSPTRG00000044316	8.050678571354242	9.39078353199714	9.147302791846105	9.081002889289866	7.951446252988676
ENSPTRG00000044409	-2.4740563622269307	-2.2480183419056425	-2.3481282235512393	-4.239349307065385	-3.4223765418032257
ENSPTRG00000044430	8.789264949234912	9.75562813409773	9.009188831385002	11.079441642301232	9.136685686389523
ENSPTRG00000044433	2.774524659812127	2.602393441646577	2.9133951399523794		2.3340205657012656
ENSPTRG00000044461	-3.6401975960487953	-4.107705279508691	-4.089520981342846	-5.32915702240083	-4.514036108629807
ENSPTRG00000044477	-3.3387788674158605	-3.7122919660843103	-2.801442225527963	-3.710640697810425	-3.940188279772061
ENSPTRG00000044486	-2.907624204066717	-3.1432093550514986	-3.7500426813657666	-2.1923005245291582	-3.305103383046704
ENSPTRG00000044492	-5.530216934793811	-6.020795560942965	-6.440517338961443	-5.849492379354468	-6.173368436319706
ENSPTRG00000044598	-2.3726070061317173	-3.9510072396624834	-4.062925850303364	-5.678888262980842	-4.8268884814302435
ENSPTRG00000044636	8.462476444897627	8.826743915946238	8.92035967237539	9.723720222042404	7.802492844129189
ENSPTRG00000044643	-3.5077777020817074	-3.73625904755903	-4.603346634571108	-4.86086266940844	-4.284419431199344
ENSPTRG00000044662	-3.258971586331114	-3.711155318228059		-4.615906180343136	-3.0633359118849235
ENSPTRG00000044752	-3.480899620454791	-4.233333826035484	-4.511337240169155	-4.3555885406190145	-4.828658474332425
ENSPTRG00000044887	3.2058980653710947	2.322490542792733	2.0208398596268724		3.1953023430279304
ENSPTRG00000044945	2.56949329121945	3.3322254219352887	3.1844654755491995	2.7528890235591943	3.4092421612056807
ENSPTRG00000045011		-2.0583391727094975	-2.1292960977679636	-2.0563229770757347	-2.432557744601398
ENSPTRG00000045065	-2.597154249712278	-2.466190781493928	-3.1902676143288597	-4.706771986719859	-3.5444972155867367
ENSPTRG00000045131	3.3549691202787186	4.182654040319054	3.9215658365027655	4.149253944999244	4.634436368000983
ENSPTRG00000045132	8.80736088005599	9.351445376624973	9.389542571536694	10.375679357543723	8.796656811622928
ENSPTRG00000045140	5.200884475219593	5.415575846814747	4.712906529870973	7.299290050887934	4.9085579176257985
ENSPTRG00000045203	-3.3592977873629137	-3.5778767046289395	-3.8026727162088827	-4.520841500192475	-3.9807247002259682
ENSPTRG00000045223	5.133888205473199	5.968236901167931	5.1667522996949975	6.3037121382008054	6.018813574240148
ENSPTRG00000045241	-2.3567013909025563	-2.8093614745995703	-2.861256695390968		-4.108083466170038
ENSPTRG00000045252	-3.4069171856931355	-3.66951808831429	-3.3124016405897345	-3.107430663069741	-3.393505009146294
ENSPTRG00000045352	-2.257605693142793	-3.8283410592069873	-3.5356322338564983	-3.040323116753995	-2.5373750412557334
ENSPTRG00000045354	-3.129054331682164	-3.2795238597675014	-3.8269941785564923	-3.922297546041659	-3.6363198680497937
ENSPTRG00000045459	-2.72334770767913	-2.2083424390235886	-3.527107359581268	-2.8866884689253007	-2.76949166564005
ENSPTRG00000045582	7.600943847223338	8.732410946577279	8.391761704886852	10.925110974401093	8.478992967651081
ENSPTRG00000045662	-4.2589699126149085	-5.039841955699685	-4.485411806494777	-4.872416957178906	-2.7896430547228963
ENSPTRG00000045692	-2.1368553508027053	-2.539065322527027	-2.7910302586051503	-3.144078049762799	-2.8539716300639277
ENSPTRG00000045712	-3.990275467661498	-4.626890254570061	-4.584845685036403	-4.0842469840501545	-4.9729063011205845
ENSPTRG00000045725	-4.33859720196903	-3.683827478655562	-4.640243780820855	-4.139666352143725	-3.743395724159032
ENSPTRG00000045753		-2.415963264521691	-2.770028599746315	-2.296218633301066	-2.279701613540903
ENSPTRG00000045799	5.801269515994965	5.844656240749417	6.860574393940452	6.506036139530158	6.416813456608514
ENSPTRG00000045834	2.983207046750768	4.020962791130448	3.2955035637029355	3.631826016072602	3.0681305573829394
ENSPTRG00000045845	-3.1321178650523493	-4.152458089972852	-2.899330662181264	-3.9491076865927655	
ENSPTRG00000045873	-3.107032919078967	-2.6768408389169336	-3.3965749643859673	-4.192098551014315	
ENSPTRG00000045889	5.9040347960515716	6.725937256043775	7.010973021784457	9.081537716549052	6.97992289600615
ENSPTRG00000045912	3.725184384682216	4.322148656872182	4.202654507941659	3.1495725835187147	5.7349512391472155
ENSPTRG00000045941		-2.037552315816031	-2.0571552260282804	-2.253520088875439	-2.0746339826968216
ENSPTRG00000045963	-6.054975009630178	-7.031689107918104	-6.940049073675538	-6.981011276763395	-7.731956901337481
ENSPTRG00000046007	-5.153625414812877	-5.7551092620460365	-4.5760452516960965	-6.908539263342226	-6.172481734390525
ENSPTRG00000046066	-2.4729831189966918	-2.344721150568407	-2.2400131365321685	-3.0708883856424762	
ENSPTRG00000046143	-4.273239643555377	-4.241459682084108	-4.794768676352732	-3.498113375770009	-2.133241439818506
ENSPTRG00000046167	-4.346824756075777	-5.176310218293558	-5.341161665378805	-5.829907519836764	-4.705882620814203
ENSPTRG00000046168	-2.9976019014171396	-3.9369485949488454	-3.0370524117348356	-2.641483876379008	-3.650662995487872
ENSPTRG00000046181	-2.6193102322287793	-3.1296421037631124	-3.5823781487499162	-3.4848508465123813	-3.022338673857318
ENSPTRG00000046214	7.436969526428913	8.182672899665212	8.695770857655425	9.682904840067811	7.997580992583356
ENSPTRG00000046282	2.3614161878769417	2.9663027098199577	2.5313667556803097		2.804574550937132
ENSPTRG00000046297	6.9442238537207155	7.175431743306413	6.964663017651274	7.9618051161909715	7.362644586015735
ENSPTRG00000046344	-2.1992151962948245	-4.187220914331166	-2.4501764265449584		-2.252977934117761
ENSPTRG00000046377	-2.3907886948032853	-2.353711230072615	-2.7229773502760124	-2.283300292577564	
ENSPTRG00000046404	7.962548725923125	9.69705500140198	9.427335991542847	11.026142211663506	9.844215200767167
ENSPTRG00000046479	-3.984215514086876	-4.017137248124288	-4.147609739135428	-4.935875313049464	-4.497041883319371
ENSPTRG00000046561	-4.854901485308339	-6.19802823657974	-5.275090205075675	-6.5385660383691215	-5.356262113812817
ENSPTRG00000046562	-4.752153481009469	-5.8417439494146475	-5.768080742470933	-5.684519289250438	-6.564396924289768
ENSPTRG00000046615	-2.47886777157566	-3.228244537208423	-3.0889520317632018	-3.672919851278498	-3.372305568202191
ENSPTRG00000046678	-2.4115753596551173	-3.2968818740198804	-3.67288844554838	-3.461744606397987	
ENSPTRG00000046748	-2.9065504302519147	-3.4717184853437555	-3.0877616196725395	-4.072748262455317	-2.2433943115960897
ENSPTRG00000046778	-4.543439608954297	-5.454476615296042	-5.218367589355138	-6.087264632094845	-5.529607104224966
ENSPTRG00000046786	2.507113137744345	2.830180715032684		2.2234138930664757	2.041621957456945
ENSPTRG00000046932	8.257150997752765	9.041888243982608	9.829825358065996	10.841023592853405	9.136778756240059
ENSPTRG00000046939	-2.0757679560250177	-2.542204070462143	-2.8750695655555623		-3.0607943552035164
ENSPTRG00000047030	2.4286521743672385	3.544655525793091	2.0817602486594846	2.3645230068420346	
ENSPTRG00000047034	-4.092089635291346	-4.930019509571179	-5.012719878990341	-5.250676067469594	-5.06579033909643
ENSPTRG00000047070	-2.883332415442024	-2.987721574353951	-3.339898690835515	-3.9272162497266443	-4.1011875632910355
ENSPTRG00000047091	-6.674941590156127	-8.0410975697656	-7.77503292566803	-9.857060747509248	-7.931765091809348
ENSPTRG00000047105		-2.9674533198331177	-2.873905121614206	-3.0708883856424762	-3.0347452594234543
ENSPTRG00000047132	-5.910159529259555	-5.312278214265042	-6.55764079172277	-6.927787280845653	-6.354373559695477
ENSPTRG00000047137	7.846051074131379	8.36875137404752	8.777037505437512	9.555733830718307	8.11646741782953
ENSPTRG00000047170	-5.4169755381431735	-3.7834348173529486	-6.281875846214473	-5.589979739062791	-4.924104816884573
ENSPTRG00000047184	-2.355284193152692	-3.1904198651032365	-3.040621691753386	-3.5474946504902847	-2.6598321368616396
ENSPTRG00000047219	7.068546783877299	8.143258193587235	7.992520470420663	8.434233336813278	7.765909619729906
ENSPTRG00000047255	-3.4170275750077126	-3.6049742528681747	-3.528489710249702	-4.097355874371492	-3.5076706505392936
ENSPTRG00000047281	7.960748461145665	8.736685279680705	8.94600070622104	9.575716802251398	9.141518698594105
ENSPTRG00000047303	-3.345569895593414	-4.420104052868554	-6.300244548154668	-5.481177129738473	-6.418854780839664
ENSPTRG00000047310	-3.849480165748933	-3.035195903361901	-3.247889604811933	-3.4359740132283605	-3.730680946306826
ENSPTRG00000047324	6.324011504275977	7.306092785007183	6.667233819609769	8.333517308977374	6.685303833397424
ENSPTRG00000047337	-4.86664447257146	-5.192777350536138	-5.371813727076198	-6.3112155191129675	-4.99251493702806
ENSPTRG00000047344	-4.254204276161886	-5.076048909962127	-5.688628433600243	-4.241058920089036	-4.483348311684181
ENSPTRG00000047357	6.672611867701296	7.290128665311168	7.554935393129415	8.562187115148825	7.071834506853328
ENSPTRG00000047360	-3.7768856071006467	-4.272547705383414	-4.713272998693105	-5.066839336073466	
ENSPTRG00000047405	-3.5408015885046025	-3.190332177374947	-3.394456748224605	-3.44815788992349	-2.981018114545547
ENSPTRG00000047423	-5.428245887872953	-5.983223861733164	-6.330383088140798	-7.206980847560297	-6.0832429058604705
ENSPTRG00000047440	2.034682955481201	3.8589625653374804	2.333142374694802		3.3201472494104376
ENSPTRG00000047442	2.2893673031540036	2.712074283889366	2.916352042236954		2.067906637942468
ENSPTRG00000047468	-2.238570072472796	-2.5241386799286767	-2.6473254354947184	-3.2093326056571954	-2.2203879743996664
ENSPTRG00000047501	-2.516828785313986	-2.3646060523947594	-2.2948062415376915		-3.542343237543991
ENSPTRG00000047511	-6.014350454775504	-7.272741594748485	-6.383647039821846	-5.575189550310699	-5.893927585530191
ENSPTRG00000047536	-3.7726688722250485	-3.791379489358139	-4.520866796359029	-4.397119915862605	-2.72146222499585
ENSPTRG00000047589	-4.568397193383772	-4.42997337416061	-2.498586184499227	-5.539866965976581	-4.878004365464367
ENSPTRG00000047640	3.2909897417448346	3.5483632913744847	3.579103397908525	4.989604336124977	2.5652074846351285
ENSPTRG00000047667	-3.679462383498493	-4.116153972600491	-3.9977106823762107	-3.5429152736277274	-4.32774479851329
ENSPTRG00000047751	-2.8127506733581304	-2.429108539191486	-2.84353089359655	-3.0627654692131374	-4.147356085843579
ENSPTRG00000047758	-2.495122875384333		-3.2739028215724435	-2.953722215958557	-2.9271768040535417
ENSPTRG00000047818	-2.3759861616165256	-2.9128883733536837	-2.5127690734141677	-2.614487881588422	-2.5454845182529606
ENSPTRG00000047829	3.420799014617485	4.683909553545654	4.397186079624191	2.277006821506758	3.9937195176851157
ENSPTRG00000047863	-2.016941057814925	-2.6897968724907635		-2.03915195489152	-2.6047428319670747
ENSPTRG00000047872	8.972401833424508	9.004173845521814	8.288783381071497	11.070940483184804	9.689186081174448
ENSPTRG00000047913	-4.988336843195797	-5.227043604597453	-5.301976795497747	-6.545717084219283	-5.145280694609831
ENSPTRG00000047939	-2.7513994965279065	-2.964637800801257	-2.5138719871454756	-2.6704964370802995	-4.464952838791957
ENSPTRG00000047947	-6.041895547288059	-7.211488007321777	-7.222424966677396	-7.4570622868004	-6.495271126429049
ENSPTRG00000047949	6.9495600567715154	8.009470264854375	7.5344314814566316	8.8635276674835	6.266280371040651
ENSPTRG00000047954	-2.6673086473487615	-2.9021492337997006	-3.0262058886206487	-3.206073881221479	-3.027568517055486
ENSPTRG00000047961	-3.0377470607771153	-2.289436695149015	-2.4451095217071903		-2.0538734886246433
ENSPTRG00000047979	-2.930792734423877	-2.8701670863082067	-3.544434398727899	-4.020571639382184	-2.9853354445277565
ENSPTRG00000047998	-6.593793379924416	-7.3917145207711705	-7.593556450722175	-8.483259846053263	-7.477356955230255
ENSPTRG00000048008	-3.112473803892399	-5.275551379034574	-3.9169800352932596	-2.319853071337963	-3.686410437469016
ENSPTRG00000048013	7.096349377408278	8.8428460033247	7.635391784077058	9.219514399546402	8.781409068358718
ENSPTRG00000048134	-4.882944318759464	-5.603228054864389	-5.261451292907595	-6.0431211256191855	-5.887765799008077
ENSPTRG00000048179		-2.149168159090398	-3.301645175079753	-2.766366782003983	-2.9812374238873263
ENSPTRG00000048280	-4.702426400742298	-4.773393570028061	-5.076948456598144	-5.366179427931595	-4.77248492950904
ENSPTRG00000048311	-2.5869915028226305	-3.348072984655759	-2.7820109026740023		-2.2719017200120595
ENSPTRG00000048314	-4.3610936080121325	-3.6487489422703154	-5.660351299085885	-3.0943444987072493	
ENSPTRG00000048362	-3.0450067001247527	-3.760695697375646	-3.609720480462161	-4.239881155185448	-4.217745864114234
ENSPTRG00000048402	-2.60354139332165	-2.2480183419056425	-3.1075626244452845	-2.0815504315404447	-2.1744859757873494
ENSPTRG00000048456	-2.5427594115934817	-2.7496512336598817	-3.3601065207043512	-3.5514655212757247	-3.770741470836839
ENSPTRG00000048519	-4.722770585964304	-5.108473295619073	-5.307950121330572	-6.722744608550062	-3.698049603728944
ENSPTRG00000048538	-2.2190217420559786		-2.920277151484985	-3.2291220361748136	-2.788366138970041
ENSPTRG00000048541	-6.696502168415478	-4.776436211913113	-7.438452934338202	-5.111618089983479	-6.246764800788053
ENSPTRG00000048574	-2.410511244156424	-2.236508349872082		-2.0284950477430206	-2.308657348087146
ENSPTRG00000048617	-3.925287718884404	-2.1534967780211254	-4.38899152206667	-4.703104007353079	-4.063013787936506
ENSPTRG00000048638	-4.169474406703873	-4.739592052602508	-4.8801582118426285	-5.298762852506314	-4.9964638425680485
ENSPTRG00000048642	-3.193151814241932	-3.156335883761987	-4.0881217902845535	-4.053938205033951	-3.7877387627333508
ENSPTRG00000048664	-2.8586702363511245	-3.0631465760923278	-3.604404026249608	-3.812008147696087	-3.1253925128464903
ENSPTRG00000048668	-2.3022958321872404		-2.7691581652205826	-3.8277317588564586	-4.584182099785024
ENSPTRG00000048822	-4.611115194590992	-5.078191570642567	-5.445588377253654	-5.947647603039528	-5.309872740515257
ENSPTRG00000048829	-3.4825022491785185	-3.90279359478042	-4.09301202362097	-4.379602686881941	-3.9644481891348025
ENSPTRG00000048874	4.065755351544879	5.423327341665552	4.075981012287409	5.653208715785456	5.44217681724912
ENSPTRG00000048875	-4.478340941815225	-4.9297730466749545	-5.3352231534421595	-5.983966158337143	-5.078111396733468
ENSPTRG00000048981	-3.3500970486281676	-3.644863326756583	-4.002413460012768	-3.997385919805077	-4.115213767344798
ENSPTRG00000049092		-3.5196080878920064	-2.603159061471819	-3.4063147533440903	-2.8271423722958993
ENSPTRG00000049137	7.570601272721044	8.608477147196071	8.368902744420478	9.425980036808497	7.188570849702363
ENSPTRG00000049153	-3.0679386920191627	-3.111440551324441	-3.3296345290729157	-2.7526866612411474	-3.142484155148537
ENSPTRG00000049159	-3.162762801271826	-2.154622896145174	-2.2911255655482754	-3.0246606828298432	-2.038840819129837
ENSPTRG00000049175	-5.930798041462845	-4.948982281865553	-6.353314757742547	-7.4860080218599805	-3.9727498441083373
ENSPTRG00000049188	-2.6899358061151277	-2.664239961591162	-2.029630360173569	-2.6722162210608387	-2.6699384968826476
ENSPTRG00000049252	5.461527191856726	6.0680823313637635	9.127458724897767	6.907159947294298	5.1494263836439575
ENSPTRG00000049254	2.43952210758097	2.4701408895291546	2.676011348071722		2.685220434171018
ENSPTRG00000049255	-2.8419990700453206	-2.8645035160902292	-3.8795314050916834	-6.055980958459779	-5.281393144126166
ENSPTRG00000049293	-5.927751877296121	-4.0094507091579	-4.494401092179549	-7.28499699018349	-6.850618491074211
ENSPTRG00000049344	2.5244687028780004	2.5496590789862648	2.493563448986198	4.349994140946977	2.611029278614061
ENSPTRG00000049360	-3.296786482219013	-3.0815135652761505	-3.5962529801718777	-4.102381058770743	-4.1567991950295085
ENSPTRG00000049362	2.750000665059623	3.0983735503789904	2.7926079397167327		2.584325135799362
ENSPTRG00000049399	-3.7365361798530485	-4.109371656464317	-4.76633607633451	-5.149372119225826	-3.9381065119214678
ENSPTRG00000049417	-2.5467344972818005	-2.298980029225931	-2.7847848132774393	-2.756530356428941	-3.7100127414495336
ENSPTRG00000049443	-2.581711925690204	-3.1118040913133873	-3.333557124049473	-3.084269456646001	-3.4238303092736353
ENSPTRG00000049474	2.3969353347626985	3.0534854933345175	2.365880150516451		2.271097887714709
ENSPTRG00000049487	-2.811934655521092	-3.1760391607244784	-2.6600941722067093	-3.5119152262154065	
ENSPTRG00000049507	-4.054827715479252	-4.46904393009699	-3.9328635176157163	-5.219620344462632	-4.770572908541922
ENSPTRG00000049619	-2.778161495087342	-4.438586140895118	-2.708660488994636	-3.441803230996954	-4.481376741265567
ENSPTRG00000049629	-6.630960224222917	-7.497779626735559	-7.438063223432479	-5.2405980090583	-6.384489794929098
ENSPTRG00000049645	-3.0734750910076016	-3.775721070086978	-2.8823205211654486	-3.9219544609390615	-4.134696565296342
ENSPTRG00000049674	6.85000556894447	8.390105506137486	7.457831870988239	9.267483001579336	7.621955379796489
ENSPTRG00000049707	-5.305793943682936	-6.089353913214414	-6.205255673592593	-7.22266887861412	-6.259459449394515
ENSPTRG00000049720	-2.007277549488149	-2.3919310502149878		-2.1778885014471117	-2.089249432841379
ENSPTRG00000049735	-2.4937207999475497	-3.1845338980966735	-3.0966553117249203	-3.86273196889402	-3.553412569459987
ENSPTRG00000049802	-2.218386112084613	-2.6376549230737973	-3.0860561699955875	-3.257152214606939	-2.936026032328553
ENSPTRG00000049826	-5.809399601580744	-6.742833999223632	-6.800392840649525	-4.869642272766607	-5.705550300785393
ENSPTRG00000049828	-2.3944036062612604	-2.8756542146336	-2.9014827835916974	-3.1121531782825937	-2.5246522229682196
ENSPTRG00000049839	6.562109281919627	7.2774075484577345	6.280811280887867	8.267576297315188	6.510159111438998
ENSPTRG00000049845	-3.3191450352673217	-3.636984095763269	-3.894578320902178	-3.636982583685857	-3.2499862163468145
ENSPTRG00000049906	4.314175320003579	2.3322723325181594	3.720297355262405	4.090393853496642	3.2727619383605098
ENSPTRG00000049917	-3.0154329769943264	-3.9313961812199585	-3.8973514288871316	-5.1046469283662494	-3.4483123906785527
ENSPTRG00000049925	-2.5020397032691832	-2.5706321591147967	-2.2599606363874956	-3.242418286978981	-2.7936087597236554
ENSPTRG00000049929	-4.329637365936878	-5.142227760176207	-5.329435639404834	-6.52670770680318	-4.999956438868407
ENSPTRG00000050018	-5.940179949711795	-7.006905930546231	-7.239142171620176	-6.639475055237689	-7.676905872382002
ENSPTRG00000050154	-3.7608344208156526	-3.734661835458442	-4.413509702283556	-4.942367246490582	-4.236487145884078
ENSPTRG00000050204	-2.3776264648840217	-2.3893636620824266	-2.210577907756591	-2.771149360593224	-2.398347906596633
ENSPTRG00000050218	-3.152238481013965	-3.2010070529942762	-3.3680454245014264	-2.502317146683406	
ENSPTRG00000050237	-4.362794681927504	-4.978677812538077	-5.148326696629181	-6.7905143942172375	-5.437211042467059
ENSPTRG00000050249	7.303526961531988	8.129723148719911	8.309380800702057	9.94333571626947	8.159416608013448
ENSPTRG00000050275	3.335920606241114	4.478771370469119	4.371743823294191	4.977278208754858	3.4658733305992446
ENSPTRG00000050279	-3.9563265922010067	-4.099641978136322	-4.7088285212555325	-4.247123806177037	
ENSPTRG00000050283	-8.027799939050054	-8.512428060850503	-2.668706741074428	-2.937244772445564	
ENSPTRG00000050302	-2.224336543038178	-3.6204550017902744	-2.526106150895078	-3.5692211354019494	-3.512748219150115
ENSPTRG00000050304	-4.182133259654949	-4.654667802835494	-4.863142669131078	-6.086209294036419	-5.375742045548059
ENSPTRG00000050344	-4.578944725451556	-5.5044947588480175	-4.83083943873811	-5.996835058832724	-5.349275233772322
ENSPTRG00000050364	-3.6037548632055385	-3.405315458663026	-4.228242466469728	-4.850548699976586	-3.7272315683688344
ENSPTRG00000050376	-2.0993568898581834	-2.127272227522975	-2.204408543809633	-2.21840458415776	-2.0781415393427203
ENSPTRG00000050411		2.420438535970756	3.2187610612986233	4.062810103949835	2.1502706213554954
ENSPTRG00000050454	6.696998129164875	7.545113156240261	6.5986532274127185	9.60865800206681	7.48893637463965
ENSPTRG00000050553	2.73158126643342	2.9602313185611866	2.6551832539510007	2.761416233542495	
ENSPTRG00000050559	-2.6761176127107524	-2.404715438201346	-2.746539292622744		-3.1008975341615748
ENSPTRG00000050612	-2.2873371300204988	-3.9252627299924128	-4.8054928971571735	-4.073506206123926	-2.7192680258486166
ENSPTRG00000050629	-4.697285763601385	-5.406856505053171	-5.167257823598648	-6.03930955847219	-2.5909179457547395
ENSPTRG00000050631	-2.5981766228133916	-3.219626526312761	-3.6150045217925535	-3.6508647336805105	-2.772467555158915
ENSPTRG00000050680	3.052601853884133	3.078886956909672	2.9613262651938475		3.7361166037353843
ENSPTRG00000050786	-2.6580383027154744	-2.478629538176088	-3.0860561699955875	-2.3320877774277333	-2.833500367034141
ENSPTRG00000050958	6.408110125922917	6.5779534422441746	6.974326757212832	7.498106782590312	6.702723051276128
ENSPTRG00000050959	-2.9891129262941796	-3.2520788777945073	-3.2359568404624826	-3.9673060046229724	-2.3711961653763787
ENSPTRG00000050994	-4.133261437463236	-4.6362684682949595	-5.043218232718786	-3.7985644320174576	-5.075667958421024
ENSPTRG00000051053	-5.980687497423004	-3.447346070667236	-6.68855567009245	-7.492312782837414	-6.39960908710299
ENSPTRG00000051054	-2.7809026765282616	-3.067328157555057	-3.524143460997109	-2.3560859982685503	-2.6067253976182805
ENSPTRG00000051091	-3.4993792716610375	-3.912115463634383	-4.207495580425429	-4.32410446376539	-2.2285738350741346
ENSPTRG00000051160	2.152081169845219	2.100489322405583	2.511233192657734		2.0229656332766504
ENSPTRG00000051178	-2.482198626178698	-3.0929675652359077	-3.0583983782406006	-2.3861914906461164	-2.52789433679044
ENSPTRG00000051195	7.6736628209322735	8.089041994949037	8.374235851892662	9.775875675652856	7.7460163618103905
ENSPTRG00000051196	-4.8300014466553645	-5.426281199684587	-5.2454576129771056	-5.588188035370464	-4.918357491196896
ENSPTRG00000051305	-2.627808607735241	-2.286635894574479	-2.952421266829636	-3.4959428409960154	-3.841283910548872
ENSPTRG00000051328	5.09122575040785	3.242237313505677	3.981403716642138		2.7127045760264408
ENSPTRG00000051335	-3.4094536973810334	-4.042032359899964	-4.151545270082925	-4.385652169031427	-3.0695784598118134
ENSPTRG00000051343	-9.275700068715174	-10.401281115731884	-11.176507711431524	-11.263190189555196	-10.472844465951553
ENSPTRG00000051365	-3.6294735395309594	-3.627187579868476	-4.394550803360317	-3.4330290743540943	-3.67194805161862
ENSPTRG00000051399	-3.9681388271384335	-4.0904230765720895	-3.2152848736678377	-3.2207564892533735	-3.040245042863975
ENSPTRG00000051420	-5.202003559517779	-4.921048572165731	-6.477765863535963	-5.625720470972942	-5.430526426577494
ENSPTRG00000051447	3.062953644100787	3.979457546424921	3.4412843426765938		3.117343047169684
ENSPTRG00000051500	-2.493063769594985	-3.2032834558024064	-3.2638839357182654	-3.869512365988091	-3.94615693054037
ENSPTRG00000051580	-3.181211763851139	-3.779987183684994	-3.203492259552962	-3.0588914811156847	-3.8025869560663743
ENSPTRG00000051650	7.621436034576954	8.09832936259507	8.35472779127861	9.646318956079114	7.261547157520101
ENSPTRG00000051703	7.568053529361204	8.134822677147246	7.222996886677075	9.299462565617631	7.226703383182401
ENSPTRG00000051707	-2.3720257189858307	-2.701455666728594	-2.8838137343822927	-3.476624954689622	-3.093813406218228
ENSPTRG00000051736	-2.57160476434164	-3.166551767320031	-2.090585081835225	-2.065151625552	
ENSPTRG00000051784	6.463556271317195	7.918870953544412	7.601467675075168	9.53536095690347	7.612914199361613
ENSPTRG00000051897	-4.42201397652733	-5.0310066859921525	-4.97730465990562	-5.412796109042208	-3.4896196666736503
ENSPTRG00000051905	2.912630579836806		2.6884606621651046	2.399401445388024	2.832892764587345
ENSPTRG00000051929	-5.8963108272174924	-6.928571615338614	-6.636483621844091	-8.070375320579858	-7.17457713981578
ENSPTRG00000051975	-6.333232699870006	-7.089875481190421	-6.431231939179421	-6.579107897055733	-7.173615254606665
ENSPTRG00000052021	7.337266043558366	7.94712139207177	7.737305753144586	9.177661503903643	7.062288298345238
ENSPTRG00000052033	-2.609224265354792	-2.8230941899334128		-2.8753942264099073	-2.5798624768721727
ENSPTRG00000052043	-4.25915288699962	-4.885234708811312	-4.726333578140174	-5.708136039095636	-4.9171018637559
ENSPTRG00000052060	-4.152010892241542	-5.279027642618205	-4.946353489276751	-5.564938751418315	-5.045123097714387
ENSPTRG00000052098	-2.997907620675999	-2.9725136196674224	-3.359882593811049	-4.3534646328467135	-3.903397499083577
ENSPTRG00000052105	-3.275913946732699	-3.2021077166495227	-3.528001877811114	-3.6584183879703356	-3.1747180953618037
ENSPTRG00000052170	-2.437246101042697	-2.2163277976308646	-3.1625303603660875	-3.1079610027641227	-2.7964934359695435
ENSPTRG00000052250	-2.2898488467362115	-2.810444774972918	-3.0820071732392225	-3.0215243127956253	-3.586424095060979
ENSPTRG00000052275	-3.2107813095515323	-3.672283572330302	-3.5873589579219867		-2.1215296276912836
ENSPTRG00000052285	-3.2200412429361633	-3.62695651022491	-3.2256046710836	-4.097355874371492	-3.5914121929623755
ENSPTRG00000052301	9.14823033510432	9.793498849037336	10.337863726008285	11.4151095494004	8.667832863064538
ENSPTRG00000052343	-2.2803480949564987	-3.4013667126034415	-4.027873158492038	-3.7881941141781508	-3.030333706199991
ENSPTRG00000052418	-4.180681270252482	-4.605053510375115	-4.5150088875633205	-5.857802236884755	-5.2793426906861365
ENSPTRG00000052419	-3.1776111548921846	-2.210481804653227	-2.5078048277288656	-4.067707587829339	
ENSPTRG00000052465	-3.2385711485152098	-3.5987875391777018	-3.310506266134949	-3.7221959044051114	-2.960981528958303
ENSPTRG00000052475	-4.592966025037549	-5.1863781225053245	-5.8130874359561435	-6.363451007617578	-5.983851870236499
ENSPTRG00000052487	-4.322376890972293	-4.768133586261334	-4.216554234316638	-4.702452983003636	-4.099977794263595
ENSPTRG00000052500	-5.850596583467587		-2.550983935634697	-4.238379462532232	-2.046499636348736
ENSPTRG00000052538	-2.056232552705031		-2.3522425156638627	-3.7027029267258977	-2.542878100115119
ENSPTRG00000052551	7.736166435805377	9.201175377239904	8.983367569200752	10.890796786894454	9.736548105639974
ENSPTRG00000052585	6.356434833345821	7.528381317900701	6.482797913860976	8.10995492809667	6.722270929565185
ENSPTRG00000052602	9.135726636845659	10.48465604973421	10.146222890613302	10.991145102826845	10.558619150114616
ENSPTRG00000052681	-2.968049484402453	-3.229476931072005	-3.260878364849656	-3.7270421910785423	-2.7702534188343124
ENSPTRG00000052687	-2.5994277083069055	-2.71730764412032	-3.1048448345823494	-2.8273786569561943	-3.744015515853041
ENSPTRG00000052776	-4.039728474725457	-5.548630781678307	-5.837791044649113	-5.751455657335167	-5.197199301238603
ENSPTRG00000052794	5.746856691536994	7.605744841230197	7.955160783172061	9.20012308121775	8.036243966694732
ENSPTRG00000052860	-5.049809506366124	-5.69046666526988	-5.719980289822787	-6.043499442959994	-6.538870054734312
ENSPTRG00000052871	-4.170878961930623	-4.887709168934687	-3.940278869734517	-4.663091287062392	-5.030662921256825
