human_gene	mouse_gene	human_mouse_len_diff
ENSG00000206602	ENSMUSG00000064647	0
ENSG00000252540	ENSMUSG00000088066	0
ENSG00000278404	ENSMUSG00000099010	0
ENSG00000202206	ENSMUSG00000094979	0
ENSG00000264549	ENSMUSG00000064780	0
ENSG00000200471	ENSMUSG00000065333	0
ENSG00000206859	ENSMUSG00000065798	0
ENSG00000207518	ENSMUSG00000095243	0
ENSG00000199901	ENSMUSG00000064945	0
ENSG00000200156	ENSMUSG00000095738	0
ENSG00000273658	ENSMUSG00000099112	0
ENSG00000276610	ENSMUSG00000077191	0
ENSG00000252627	ENSMUSG00000065747	0
ENSG00000206859	ENSMUSG00000064497	0
ENSG00000200999	ENSMUSG00000064440	0
ENSG00000277864	ENSMUSG00000093107	0
ENSG00000212425	ENSMUSG00000088205	0
ENSG00000206997	ENSMUSG00000094008	0
ENSG00000200360	ENSMUSG00000064824	0
ENSG00000212461	ENSMUSG00000077643	0
ENSG00000212461	ENSMUSG00000088325	0
ENSG00000207099	ENSMUSG00000064904	0
ENSG00000202434	ENSMUSG00000065086	0
ENSG00000221459	ENSMUSG00000080622	0
ENSG00000212133	ENSMUSG00000084696	0
ENSG00000275971	ENSMUSG00000098891	0
ENSG00000274409	ENSMUSG00000098963	0
ENSG00000202227	ENSMUSG00000089218	0
ENSG00000212305	ENSMUSG00000087979	0
ENSG00000212461	ENSMUSG00000077378	0
ENSG00000206733	ENSMUSG00000070214	0
ENSG00000200665	ENSMUSG00000084551	0
ENSG00000278421	ENSMUSG00000098603	0
ENSG00000239043	ENSMUSG00000087790	0
ENSG00000221539	ENSMUSG00000080615	0
ENSG00000252555	ENSMUSG00000096790	0
ENSG00000252494	ENSMUSG00000065235	0
ENSG00000208839	ENSMUSG00000077767	0
ENSG00000201574	ENSMUSG00000065191	0
ENSG00000200713	ENSMUSG00000087859	0
ENSG00000277890	ENSMUSG00000095635	0
ENSG00000199753	ENSMUSG00000065126	0
ENSG00000212146	ENSMUSG00000065591	0
ENSG00000200250	ENSMUSG00000094803	0
ENSG00000200150	ENSMUSG00000064496	0
ENSG00000226572	ENSMUSG00000065272	0
ENSG00000199223	ENSMUSG00000064945	0
ENSG00000278526	ENSMUSG00000098570	0
ENSG00000199334	ENSMUSG00000096307	0
ENSG00000202023	ENSMUSG00000065228	0
ENSG00000206725	ENSMUSG00000077277	0
ENSG00000275305	ENSMUSG00000064748	0
ENSG00000209702	ENSMUSG00000077527	0
ENSG00000206922	ENSMUSG00000064691	0
ENSG00000199620	ENSMUSG00000084465	0
ENSG00000206638	ENSMUSG00000065237	0
ENSG00000212498	ENSMUSG00000077685	0
ENSG00000212498	ENSMUSG00000093645	0
ENSG00000278004	ENSMUSG00000098697	0
ENSG00000277108	ENSMUSG00000064437	0
ENSG00000206712	ENSMUSG00000075864	0
ENSG00000272055	ENSMUSG00000094665	0
ENSG00000207217	ENSMUSG00000084433	0
ENSG00000206975	ENSMUSG00000096786	0
ENSG00000207049	ENSMUSG00000064945	0
ENSG00000274978	ENSMUSG00000077323	0
ENSG00000206899	ENSMUSG00000065788	0
ENSG00000206899	ENSMUSG00000065132	0
ENSG00000206899	ENSMUSG00000064626	0
ENSG00000207113	ENSMUSG00000095016	0
ENSG00000207412	ENSMUSG00000096182	0
ENSG00000252128	ENSMUSG00000065281	0
ENSG00000207280	ENSMUSG00000064696	0
ENSG00000206965	ENSMUSG00000095584	0
ENSG00000206965	ENSMUSG00000094013	0
ENSG00000221042	ENSMUSG00000080544	0
ENSG00000206965	ENSMUSG00000094703	0
ENSG00000207406	ENSMUSG00000064602	0
ENSG00000207406	ENSMUSG00000064930	0
ENSG00000206965	ENSMUSG00000095972	0
ENSG00000199306	ENSMUSG00000065237	0
ENSG00000201925	ENSMUSG00000096037	0
ENSG00000281808	ENSMUSG00000077492	0
ENSG00000281808	ENSMUSG00000093944	0
ENSG00000281808	ENSMUSG00000077149	0
ENSG00000281808	ENSMUSG00000095732	0
ENSG00000281808	ENSMUSG00000094384	0
ENSG00000281808	ENSMUSG00000088346	0
ENSG00000206965	ENSMUSG00000095132	0
ENSG00000281808	ENSMUSG00000087867	0
ENSG00000281808	ENSMUSG00000096514	0
ENSG00000281311	ENSMUSG00000105884	0
ENSG00000274230	ENSMUSG00000099307	0
ENSG00000276304	ENSMUSG00000098939	0
ENSG00000202337	ENSMUSG00000095615	0
ENSG00000252121	ENSMUSG00000064876	0
ENSG00000207455	ENSMUSG00000095635	0
ENSG00000206718	ENSMUSG00000075893	0
ENSG00000221420	ENSMUSG00000088895	0
ENSG00000221420	ENSMUSG00000087935	0
ENSG00000199466	ENSMUSG00000064945	0
ENSG00000223247	ENSMUSG00000093956	0
ENSG00000199635	ENSMUSG00000064945	0
ENSG00000201654	ENSMUSG00000095023	0
ENSG00000221792	ENSMUSG00000080374	0
ENSG00000199361	ENSMUSG00000064553	0
ENSG00000212615	ENSMUSG00000064871	0
ENSG00000283509	ENSMUSG00000088768	0
ENSG00000275856	ENSMUSG00000099318	0
ENSG00000221216	ENSMUSG00000088623	0
ENSG00000200831	ENSMUSG00000064829	0
ENSG00000222679	ENSMUSG00000065769	0
ENSG00000278457	ENSMUSG00000064748	0
ENSG00000207248	ENSMUSG00000064670	0
ENSG00000221060	ENSMUSG00000080622	0
ENSG00000273885	ENSMUSG00000077506	0
ENSG00000252475	ENSMUSG00000064524	0
ENSG00000207081	ENSMUSG00000064464	0
ENSG00000207081	ENSMUSG00000064532	0
ENSG00000200969	ENSMUSG00000077755	0
ENSG00000206941	ENSMUSG00000065822	0
ENSG00000277568	ENSMUSG00000099024	0
ENSG00000202337	ENSMUSG00000064663	0
ENSG00000201502	ENSMUSG00000064440	0
ENSG00000272055	ENSMUSG00000065227	0
ENSG00000272055	ENSMUSG00000065789	0
ENSG00000199595	ENSMUSG00000064945	0
ENSG00000199308	ENSMUSG00000064907	0
ENSG00000202231	ENSMUSG00000064513	0
ENSG00000212553	ENSMUSG00000095349	0
ENSG00000202231	ENSMUSG00000064392	0
ENSG00000207115	ENSMUSG00000065825	0
ENSG00000275266	ENSMUSG00000099143	0
ENSG00000274915	ENSMUSG00000088334	0
ENSG00000252213	ENSMUSG00000088059	0
ENSG00000275588	ENSMUSG00000092875	0
ENSG00000199396	ENSMUSG00000070225	0
ENSG00000207297	ENSMUSG00000065715	0
ENSG00000201882	ENSMUSG00000077506	0
ENSG00000278334	ENSMUSG00000098435	0
ENSG00000212559	ENSMUSG00000087854	0
ENSG00000252173	ENSMUSG00000088322	0
ENSG00000283666	ENSMUSG00000087730	0
ENSG00000238835	ENSMUSG00000088308	0
ENSG00000206749	ENSMUSG00000064422	0
ENSG00000202382	ENSMUSG00000064945	0
ENSG00000238942	ENSMUSG00000088524	0
ENSG00000202070	ENSMUSG00000065080	0
ENSG00000251878	ENSMUSG00000065160	0
ENSG00000202538	ENSMUSG00000094377	0
ENSG00000202400	ENSMUSG00000064823	0
ENSG00000271924	ENSMUSG00000087794	0
ENSG00000238317	ENSMUSG00000089093	0
ENSG00000206777	ENSMUSG00000075864	0
ENSG00000273767	ENSMUSG00000099232	0
ENSG00000207072	ENSMUSG00000093831	0
ENSG00000251955	ENSMUSG00000093905	0
ENSG00000207041	ENSMUSG00000096043	0
ENSG00000199824	ENSMUSG00000065733	0
ENSG00000201044	ENSMUSG00000064632	0
ENSG00000207289	ENSMUSG00000095635	0
ENSG00000200795	ENSMUSG00000096243	0
ENSG00000207169	ENSMUSG00000065012	0
ENSG00000207330	ENSMUSG00000094440	0
ENSG00000207163	ENSMUSG00000096790	0
ENSG00000199814	ENSMUSG00000095052	0
ENSG00000201744	ENSMUSG00000065330	0
ENSG00000201744	ENSMUSG00000065906	0
ENSG00000202521	ENSMUSG00000095966	0
ENSG00000201613	ENSMUSG00000065115	0
ENSG00000201613	ENSMUSG00000096863	0
ENSG00000207322	ENSMUSG00000065344	0
ENSG00000201613	ENSMUSG00000065935	0
ENSG00000200257	ENSMUSG00000064386	0
ENSG00000252383	ENSMUSG00000084616	0
ENSG00000220988	ENSMUSG00000080352	0
ENSG00000212303	ENSMUSG00000088385	0
ENSG00000206896	ENSMUSG00000094473	0
ENSG00000206896	ENSMUSG00000064939	0
ENSG00000202216	ENSMUSG00000064877	0
ENSG00000199934	ENSMUSG00000064573	0
ENSG00000207209	ENSMUSG00000064945	0
ENSG00000252608	ENSMUSG00000096559	0
ENSG00000207041	ENSMUSG00000094710	0
ENSG00000207041	ENSMUSG00000065675	0
ENSG00000207041	ENSMUSG00000065084	0
ENSG00000212160	ENSMUSG00000087843	0
ENSG00000276398	ENSMUSG00000098394	0
ENSG00000212136	ENSMUSG00000088327	0
ENSG00000253437	ENSMUSG00000094245	0
ENSG00000206716	ENSMUSG00000094033	0
ENSG00000252339	ENSMUSG00000084417	0
ENSG00000276788	ENSMUSG00000065392	0
ENSG00000200393	ENSMUSG00000096564	0
ENSG00000207394	ENSMUSG00000096200	0
ENSG00000201813	ENSMUSG00000088668	0
ENSG00000206678	ENSMUSG00000096124	0
ENSG00000199715	ENSMUSG00000064945	0
ENSG00000206593	ENSMUSG00000065348	0
ENSG00000238961	ENSMUSG00000088108	0
ENSG00000207313	ENSMUSG00000064788	0
ENSG00000202089	ENSMUSG00000089138	0
ENSG00000200840	ENSMUSG00000077277	0
ENSG00000271932	ENSMUSG00000064549	0
ENSG00000210181	ENSMUSG00000080538	0
ENSG00000263755	ENSMUSG00000092875	0
ENSG00000207367	ENSMUSG00000093983	0
ENSG00000201129	ENSMUSG00000077569	0
ENSG00000202060	ENSMUSG00000095256	0
ENSG00000206686	ENSMUSG00000065656	0
ENSG00000271982	ENSMUSG00000064871	0
ENSG00000212489	ENSMUSG00000096249	0
ENSG00000201050	ENSMUSG00000064867	0
ENSG00000252965	ENSMUSG00000087758	0
ENSG00000212135	ENSMUSG00000077221	0
ENSG00000222985	ENSMUSG00000065907	0
ENSG00000277194	ENSMUSG00000065087	0
ENSG00000272055	ENSMUSG00000096633	0
ENSG00000200070	ENSMUSG00000075837	0
ENSG00000281808	ENSMUSG00000095175	0
ENSG00000207200	ENSMUSG00000093831	0
ENSG00000206897	ENSMUSG00000064513	0
ENSG00000223062	ENSMUSG00000089397	0
ENSG00000208772	ENSMUSG00000080465	0
ENSG00000201672	ENSMUSG00000089509	0
ENSG00000207524	ENSMUSG00000094895	0
ENSG00000207334	ENSMUSG00000096412	0
ENSG00000206614	ENSMUSG00000064464	0
ENSG00000206614	ENSMUSG00000064532	0
ENSG00000251766	ENSMUSG00000065236	0
ENSG00000207524	ENSMUSG00000064926	0
ENSG00000206877	ENSMUSG00000095178	0
ENSG00000201145	ENSMUSG00000065236	0
ENSG00000271932	ENSMUSG00000096731	0
ENSG00000200785	ENSMUSG00000093044	0
ENSG00000209645	ENSMUSG00000077702	0
ENSG00000239183	ENSMUSG00000095977	0
ENSG00000239183	ENSMUSG00000096684	0
ENSG00000201392	ENSMUSG00000088761	0
ENSG00000201392	ENSMUSG00000089563	0
ENSG00000207291	ENSMUSG00000064971	0
ENSG00000202257	ENSMUSG00000094265	0
ENSG00000202257	ENSMUSG00000096855	0
ENSG00000202257	ENSMUSG00000095449	0
ENSG00000202257	ENSMUSG00000095645	0
ENSG00000202257	ENSMUSG00000096367	0
ENSG00000202257	ENSMUSG00000096015	0
ENSG00000202257	ENSMUSG00000096092	0
ENSG00000274655	ENSMUSG00000099312	0
ENSG00000206897	ENSMUSG00000064392	0
ENSG00000239183	ENSMUSG00000087963	0
ENSG00000207405	ENSMUSG00000077709	0
ENSG00000206601	ENSMUSG00000094020	0
ENSG00000199405	ENSMUSG00000064634	0
ENSG00000238478	ENSMUSG00000095635	0
ENSG00000200855	ENSMUSG00000064945	0
ENSG00000199815	ENSMUSG00000064877	0
ENSG00000278274	ENSMUSG00000084702	0
ENSG00000206992	ENSMUSG00000065659	0
ENSG00000278274	ENSMUSG00000064949	0
ENSG00000202308	ENSMUSG00000065199	0
ENSG00000280021	ENSMUSG00000073960	0
ENSG00000280021	ENSMUSG00000073960	0
ENSG00000278274	ENSMUSG00000064761	0
ENSG00000199910	ENSMUSG00000095410	0
ENSG00000206633	ENSMUSG00000064427	0
ENSG00000251898	ENSMUSG00000088208	0
ENSG00000202300	ENSMUSG00000064524	0
ENSG00000207037	ENSMUSG00000065091	0
ENSG00000252812	ENSMUSG00000088187	0
ENSG00000207448	ENSMUSG00000089051	0
ENSG00000202095	ENSMUSG00000088085	0
ENSG00000223217	ENSMUSG00000088653	0
ENSG00000251733	ENSMUSG00000088958	0
ENSG00000206944	ENSMUSG00000096561	0
ENSG00000206786	ENSMUSG00000065935	0
ENSG00000206786	ENSMUSG00000096863	0
ENSG00000185972	ENSMUSG00000070999	0
ENSG00000206786	ENSMUSG00000065115	0
ENSG00000206972	ENSMUSG00000094726	0
ENSG00000207257	ENSMUSG00000094726	0
ENSG00000199352	ENSMUSG00000096765	0
ENSG00000201541	ENSMUSG00000064634	0
ENSG00000199381	ENSMUSG00000077194	0
ENSG00000207000	ENSMUSG00000096713	0
ENSG00000276036	ENSMUSG00000096219	0
ENSG00000207000	ENSMUSG00000064517	0
ENSG00000252323	ENSMUSG00000088322	0
ENSG00000200983	ENSMUSG00000065817	0
ENSG00000284261	ENSMUSG00000092885	0
ENSG00000202079	ENSMUSG00000064527	0
ENSG00000206600	ENSMUSG00000094510	0
ENSG00000252395	ENSMUSG00000064972	0
ENSG00000206832	ENSMUSG00000094489	0
ENSG00000199270	ENSMUSG00000065893	0
ENSG00000206900	ENSMUSG00000064399	0
ENSG00000273532	ENSMUSG00000099143	0
ENSG00000252039	ENSMUSG00000092912	0
ENSG00000243954	ENSMUSG00000092875	0
ENSG00000264994	ENSMUSG00000093289	0
ENSG00000202354	ENSMUSG00000064945	0
ENSG00000280411	ENSMUSG00000095589	0
ENSG00000202276	ENSMUSG00000064945	0
ENSG00000285025	ENSMUSG00000115798	0
ENSG00000201015	ENSMUSG00000088528	0
ENSG00000212161	ENSMUSG00000077191	0
ENSG00000277966	ENSMUSG00000098683	0
ENSG00000207507	ENSMUSG00000094710	0
ENSG00000204525	ENSMUSG00000067201	0
ENSG00000204525	ENSMUSG00000067201	0
ENSG00000222607	ENSMUSG00000064763	0
ENSG00000259261	ENSMUSG00000076670	0
ENSG00000200254	ENSMUSG00000065935	0
ENSG00000200254	ENSMUSG00000096863	0
ENSG00000200254	ENSMUSG00000065115	0
ENSG00000278263	ENSMUSG00000076670	0
ENSG00000251791	ENSMUSG00000089281	0
ENSG00000277858	ENSMUSG00000067441	0
ENSG00000277858	ENSMUSG00000083616	0
ENSG00000277858	ENSMUSG00000082482	0
ENSG00000275714	ENSMUSG00000101355	0
ENSG00000238754	ENSMUSG00000088323	0
ENSG00000200345	ENSMUSG00000065769	0
ENSG00000252117	ENSMUSG00000064524	0
ENSG00000284140	ENSMUSG00000093246	0
ENSG00000198886	ENSMUSG00000064363	0
ENSG00000212907	ENSMUSG00000065947	0
ENSG00000199787	ENSMUSG00000084433	0
ENSG00000198938	ENSMUSG00000064358	0
ENSG00000198899	ENSMUSG00000064357	0
ENSG00000198712	ENSMUSG00000064354	0
ENSG00000204525	ENSMUSG00000067201	0
ENSG00000206857	ENSMUSG00000065206	0
ENSG00000204525	ENSMUSG00000067201	0
ENSG00000204525	ENSMUSG00000067201	0
ENSG00000135569	ENSMUSG00000069706	0
ENSG00000146383	ENSMUSG00000045111	0
ENSG00000237110	ENSMUSG00000037424	0
ENSG00000207507	ENSMUSG00000065675	0
ENSG00000207507	ENSMUSG00000065084	0
ENSG00000207507	ENSMUSG00000096043	0
ENSG00000212304	ENSMUSG00000077698	0
ENSG00000200711	ENSMUSG00000064554	0
ENSG00000207441	ENSMUSG00000093879	0
ENSG00000265145	ENSMUSG00000092887	0
ENSG00000212526	ENSMUSG00000089271	0
ENSG00000200036	ENSMUSG00000095631	0
ENSG00000238793	ENSMUSG00000088169	0
ENSG00000274500	ENSMUSG00000099073	0
ENSG00000259303	ENSMUSG00000094505	0
ENSG00000207328	ENSMUSG00000077857	0
ENSG00000264452	ENSMUSG00000093784	0
ENSG00000276528	ENSMUSG00000098537	0
ENSG00000200370	ENSMUSG00000096300	0
ENSG00000204525	ENSMUSG00000067201	0
ENSG00000204525	ENSMUSG00000067201	0
ENSG00000204525	ENSMUSG00000067201	0
ENSG00000204525	ENSMUSG00000067201	0
ENSG00000204525	ENSMUSG00000067201	0
ENSG00000206803	ENSMUSG00000096434	0
ENSG00000274576	ENSMUSG00000094505	0
ENSG00000276730	ENSMUSG00000099252	0
ENSG00000211837	ENSMUSG00000076878	0
ENSG00000207512	ENSMUSG00000064945	0
ENSG00000071243	ENSMUSG00000029670	0
ENSG00000071243	ENSMUSG00000029670	0
ENSG00000071243	ENSMUSG00000029670	0
ENSG00000206921	ENSMUSG00000077421	0
ENSG00000071243	ENSMUSG00000029670	0
ENSG00000212589	ENSMUSG00000077663	0
ENSG00000071243	ENSMUSG00000029670	0
ENSG00000274582	ENSMUSG00000105911	0
ENSG00000199673	ENSMUSG00000094411	0
ENSG00000200530	ENSMUSG00000064767	0
ENSG00000206772	ENSMUSG00000093932	0
ENSG00000212589	ENSMUSG00000077209	0
ENSG00000207451	ENSMUSG00000077273	0
ENSG00000212589	ENSMUSG00000089538	0
ENSG00000271907	ENSMUSG00000084421	0
ENSG00000071243	ENSMUSG00000029670	0
ENSG00000211828	ENSMUSG00000076871	0
ENSG00000212447	ENSMUSG00000077756	0
ENSG00000252068	ENSMUSG00000089218	0
ENSG00000201243	ENSMUSG00000065201	0
ENSG00000206996	ENSMUSG00000064428	0
ENSG00000275589	ENSMUSG00000099099	0
ENSG00000206629	ENSMUSG00000064551	0
ENSG00000277577	ENSMUSG00000098743	0
ENSG00000212589	ENSMUSG00000096514	0
ENSG00000199839	ENSMUSG00000096037	0
ENSG00000212589	ENSMUSG00000095175	0
ENSG00000200913	ENSMUSG00000064751	0
ENSG00000252832	ENSMUSG00000084753	0
ENSG00000202526	ENSMUSG00000096406	0
ENSG00000202526	ENSMUSG00000095183	0
ENSG00000202526	ENSMUSG00000096343	0
ENSG00000202526	ENSMUSG00000094657	0
ENSG00000212589	ENSMUSG00000088346	0
ENSG00000199673	ENSMUSG00000095868	0
ENSG00000252074	ENSMUSG00000065765	0
ENSG00000273570	ENSMUSG00000098662	0
ENSG00000206908	ENSMUSG00000065018	0
ENSG00000212589	ENSMUSG00000095732	0
ENSG00000212589	ENSMUSG00000077149	0
ENSG00000212589	ENSMUSG00000093944	0
ENSG00000277124	ENSMUSG00000098846	0
ENSG00000212589	ENSMUSG00000077492	0
ENSG00000201620	ENSMUSG00000064515	0
ENSG00000251887	ENSMUSG00000077396	0
ENSG00000253079	ENSMUSG00000089596	0
ENSG00000212589	ENSMUSG00000094384	0
ENSG00000206907	ENSMUSG00000094979	0
ENSG00000212589	ENSMUSG00000087867	0
ENSG00000272439	ENSMUSG00000096841	0
ENSG00000273908	ENSMUSG00000099243	0
ENSG00000279116	ENSMUSG00000064333	0
ENSG00000275996	ENSMUSG00000065281	0
ENSG00000201598	ENSMUSG00000065875	0
ENSG00000201785	ENSMUSG00000065273	0
ENSG00000207504	ENSMUSG00000095087	0
ENSG00000212589	ENSMUSG00000077447	0
ENSG00000281808	ENSMUSG00000077447	0
ENSG00000252481	ENSMUSG00000088789	0
ENSG00000274396	ENSMUSG00000098536	0
ENSG00000185758	ENSMUSG00000061974	0
ENSG00000281808	ENSMUSG00000077663	0
ENSG00000199368	ENSMUSG00000065591	0
ENSG00000281808	ENSMUSG00000077209	0
ENSG00000170920	ENSMUSG00000095525	0
ENSG00000212589	ENSMUSG00000096087	0
ENSG00000281808	ENSMUSG00000096087	0
ENSG00000206732	ENSMUSG00000065367	0
ENSG00000201791	ENSMUSG00000065095	0
ENSG00000185758	ENSMUSG00000061974	0
ENSG00000206772	ENSMUSG00000094275	0
ENSG00000281808	ENSMUSG00000089538	0
ENSG00000212450	ENSMUSG00000088761	1
ENSG00000200463	ENSMUSG00000064899	1
ENSG00000201687	ENSMUSG00000088535	1
ENSG00000201498	ENSMUSG00000064945	1
ENSG00000274266	ENSMUSG00000065353	1
ENSG00000199959	ENSMUSG00000065852	1
ENSG00000277029	ENSMUSG00000088217	1
ENSG00000201772	ENSMUSG00000065686	1
ENSG00000207493	ENSMUSG00000065089	1
ENSG00000212450	ENSMUSG00000089563	1
ENSG00000201687	ENSMUSG00000088270	1
ENSG00000212589	ENSMUSG00000077201	1
ENSG00000280466	ENSMUSG00000106272	1
ENSG00000212521	ENSMUSG00000075826	1
ENSG00000276965	ENSMUSG00000098265	1
ENSG00000252021	ENSMUSG00000087758	1
ENSG00000212232	ENSMUSG00000077714	1
ENSG00000274266	ENSMUSG00000064387	1
ENSG00000207112	ENSMUSG00000065379	1
ENSG00000207445	ENSMUSG00000064966	1
ENSG00000283519	ENSMUSG00000089183	1
ENSG00000221803	ENSMUSG00000080478	1
ENSG00000275994	ENSMUSG00000092730	1
ENSG00000199402	ENSMUSG00000077437	1
ENSG00000280466	ENSMUSG00000105288	1
ENSG00000212589	ENSMUSG00000088098	1
ENSG00000280466	ENSMUSG00000106489	1
ENSG00000277084	ENSMUSG00000093956	1
ENSG00000276168	ENSMUSG00000099021	1
ENSG00000266075	ENSMUSG00000093191	1
ENSG00000222359	ENSMUSG00000089563	1
ENSG00000202281	ENSMUSG00000088700	1
ENSG00000221164	ENSMUSG00000080622	1
ENSG00000263776	ENSMUSG00000065208	1
ENSG00000273587	ENSMUSG00000089255	1
ENSG00000266692	ENSMUSG00000093443	1
ENSG00000202231	ENSMUSG00000064570	1
ENSG00000206899	ENSMUSG00000064890	1
ENSG00000199934	ENSMUSG00000065228	1
ENSG00000274544	ENSMUSG00000065280	1
ENSG00000238795	ENSMUSG00000088835	1
ENSG00000265236	ENSMUSG00000075770	1
ENSG00000222982	ENSMUSG00000089233	1
ENSG00000222982	ENSMUSG00000088865	1
ENSG00000276048	ENSMUSG00000098323	1
ENSG00000201823	ENSMUSG00000092687	1
ENSG00000221750	ENSMUSG00000080582	1
ENSG00000276351	ENSMUSG00000098816	1
ENSG00000276105	ENSMUSG00000098859	1
ENSG00000223224	ENSMUSG00000077549	1
ENSG00000207360	ENSMUSG00000095857	1
ENSG00000222359	ENSMUSG00000088761	1
ENSG00000207444	ENSMUSG00000065289	1
ENSG00000281859	ENSMUSG00000064542	1
ENSG00000207112	ENSMUSG00000096563	1
ENSG00000212611	ENSMUSG00000077413	1
ENSG00000222612	ENSMUSG00000065907	1
ENSG00000207344	ENSMUSG00000065304	1
ENSG00000223293	ENSMUSG00000065068	1
ENSG00000207112	ENSMUSG00000093874	1
ENSG00000212158	ENSMUSG00000077239	1
ENSG00000252416	ENSMUSG00000087922	1
ENSG00000222208	ENSMUSG00000064548	1
ENSG00000277653	ENSMUSG00000098669	1
ENSG00000201487	ENSMUSG00000064731	1
ENSG00000207112	ENSMUSG00000065663	1
ENSG00000200301	ENSMUSG00000077620	1
ENSG00000202216	ENSMUSG00000064858	1
ENSG00000275161	ENSMUSG00000098709	1
ENSG00000212589	ENSMUSG00000077306	1
ENSG00000199468	ENSMUSG00000065260	1
ENSG00000207523	ENSMUSG00000077426	1
ENSG00000212382	ENSMUSG00000094301	1
ENSG00000281863	ENSMUSG00000064897	1
ENSG00000281863	ENSMUSG00000097052	1
ENSG00000276771	ENSMUSG00000099068	1
ENSG00000252480	ENSMUSG00000089563	1
ENSG00000251754	ENSMUSG00000088454	1
ENSG00000252480	ENSMUSG00000088761	1
ENSG00000206597	ENSMUSG00000070167	1
ENSG00000200293	ENSMUSG00000084602	1
ENSG00000199572	ENSMUSG00000064748	1
ENSG00000278406	ENSMUSG00000098249	1
ENSG00000221241	ENSMUSG00000095472	1
ENSG00000281394	ENSMUSG00000105400	1
ENSG00000209480	ENSMUSG00000077734	1
ENSG00000281394	ENSMUSG00000106307	1
ENSG00000252867	ENSMUSG00000088048	1
ENSG00000281394	ENSMUSG00000105448	1
ENSG00000223189	ENSMUSG00000089563	1
ENSG00000206680	ENSMUSG00000064453	1
ENSG00000238531	ENSMUSG00000089571	1
ENSG00000207419	ENSMUSG00000065739	1
ENSG00000199363	ENSMUSG00000064724	1
ENSG00000201747	ENSMUSG00000096444	1
ENSG00000238578	ENSMUSG00000077625	1
ENSG00000206738	ENSMUSG00000064945	1
ENSG00000199506	ENSMUSG00000088312	1
ENSG00000206615	ENSMUSG00000084456	1
ENSG00000221241	ENSMUSG00000096296	1
ENSG00000277370	ENSMUSG00000065734	1
ENSG00000275063	ENSMUSG00000076676	1
ENSG00000264549	ENSMUSG00000064500	1
ENSG00000212461	ENSMUSG00000077594	1
ENSG00000212461	ENSMUSG00000077190	1
ENSG00000239122	ENSMUSG00000084448	1
ENSG00000252727	ENSMUSG00000088151	1
ENSG00000212295	ENSMUSG00000065280	1
ENSG00000212461	ENSMUSG00000077398	1
ENSG00000212560	ENSMUSG00000089476	1
ENSG00000212461	ENSMUSG00000077804	1
ENSG00000212461	ENSMUSG00000077171	1
ENSG00000202275	ENSMUSG00000064612	1
ENSG00000212461	ENSMUSG00000089373	1
ENSG00000222623	ENSMUSG00000089563	1
ENSG00000222623	ENSMUSG00000088761	1
ENSG00000207307	ENSMUSG00000095722	1
ENSG00000207307	ENSMUSG00000065143	1
ENSG00000212461	ENSMUSG00000077487	1
ENSG00000223189	ENSMUSG00000088761	1
ENSG00000207307	ENSMUSG00000094663	1
ENSG00000281394	ENSMUSG00000087990	1
ENSG00000276680	ENSMUSG00000098635	1
ENSG00000238649	ENSMUSG00000064540	1
ENSG00000206754	ENSMUSG00000077440	1
ENSG00000207419	ENSMUSG00000065088	1
ENSG00000207502	ENSMUSG00000084433	1
ENSG00000201452	ENSMUSG00000077793	1
ENSG00000200389	ENSMUSG00000064526	1
ENSG00000206585	ENSMUSG00000095513	1
ENSG00000223208	ENSMUSG00000089563	1
ENSG00000251798	ENSMUSG00000089563	1
ENSG00000206585	ENSMUSG00000064923	1
ENSG00000202503	ENSMUSG00000065878	1
ENSG00000223208	ENSMUSG00000088761	1
ENSG00000251798	ENSMUSG00000088761	1
ENSG00000207077	ENSMUSG00000065837	1
ENSG00000207523	ENSMUSG00000077222	1
ENSG00000212589	ENSMUSG00000077659	1
ENSG00000212168	ENSMUSG00000077220	1
ENSG00000206585	ENSMUSG00000095580	1
ENSG00000206585	ENSMUSG00000094812	1
ENSG00000206585	ENSMUSG00000065905	1
ENSG00000222792	ENSMUSG00000088761	1
ENSG00000222792	ENSMUSG00000089563	1
ENSG00000200670	ENSMUSG00000089563	1
ENSG00000200670	ENSMUSG00000088761	1
ENSG00000281516	ENSMUSG00000087716	1
ENSG00000199293	ENSMUSG00000070166	1
ENSG00000206658	ENSMUSG00000087841	1
ENSG00000206606	ENSMUSG00000088001	1
ENSG00000276643	ENSMUSG00000064731	1
ENSG00000200112	ENSMUSG00000065289	1
ENSG00000200897	ENSMUSG00000064440	1
ENSG00000264294	ENSMUSG00000092680	1
ENSG00000212589	ENSMUSG00000077243	1
ENSG00000274520	ENSMUSG00000098775	1
ENSG00000206585	ENSMUSG00000093834	1
ENSG00000201704	ENSMUSG00000095631	1
ENSG00000202031	ENSMUSG00000065680	1
ENSG00000251761	ENSMUSG00000089288	1
ENSG00000200338	ENSMUSG00000089396	1
ENSG00000201810	ENSMUSG00000089313	1
ENSG00000276225	ENSMUSG00000098466	1
ENSG00000252205	ENSMUSG00000077334	1
ENSG00000252205	ENSMUSG00000088468	1
ENSG00000276057	ENSMUSG00000098503	1
ENSG00000272533	ENSMUSG00000064493	1
ENSG00000206867	ENSMUSG00000064793	1
ENSG00000222145	ENSMUSG00000084734	1
ENSG00000212461	ENSMUSG00000089258	1
ENSG00000238819	ENSMUSG00000089093	1
ENSG00000274732	ENSMUSG00000099168	1
ENSG00000252031	ENSMUSG00000077461	1
ENSG00000264978	ENSMUSG00000092875	1
ENSG00000202264	ENSMUSG00000070219	1
ENSG00000252147	ENSMUSG00000064945	1
ENSG00000222370	ENSMUSG00000077571	1
ENSG00000206585	ENSMUSG00000095260	1
ENSG00000212464	ENSMUSG00000077391	1
ENSG00000253085	ENSMUSG00000088151	1
ENSG00000199631	ENSMUSG00000065628	1
ENSG00000222329	ENSMUSG00000089563	1
ENSG00000222329	ENSMUSG00000088761	1
ENSG00000281516	ENSMUSG00000105886	1
ENSG00000198888	ENSMUSG00000064341	1
ENSG00000200288	ENSMUSG00000089291	1
ENSG00000277081	ENSMUSG00000098979	1
ENSG00000207331	ENSMUSG00000065091	1
ENSG00000201264	ENSMUSG00000064390	1
ENSG00000201754	ENSMUSG00000093009	1
ENSG00000274866	ENSMUSG00000098816	1
ENSG00000212568	ENSMUSG00000089563	1
ENSG00000212568	ENSMUSG00000088761	1
ENSG00000201016	ENSMUSG00000098788	1
ENSG00000206845	ENSMUSG00000064624	1
ENSG00000223330	ENSMUSG00000088761	1
ENSG00000212296	ENSMUSG00000077737	1
ENSG00000201746	ENSMUSG00000065843	1
ENSG00000223302	ENSMUSG00000092999	1
ENSG00000261709	ENSMUSG00000080622	1
ENSG00000200534	ENSMUSG00000070063	1
ENSG00000270722	ENSMUSG00000065905	1
ENSG00000223330	ENSMUSG00000089563	1
ENSG00000201292	ENSMUSG00000070182	1
ENSG00000212370	ENSMUSG00000088589	1
ENSG00000281808	ENSMUSG00000077659	1
ENSG00000206838	ENSMUSG00000064495	1
ENSG00000221491	ENSMUSG00000065336	1
ENSG00000252947	ENSMUSG00000088990	1
ENSG00000212259	ENSMUSG00000088928	1
ENSG00000206622	ENSMUSG00000065642	1
ENSG00000202314	ENSMUSG00000064797	1
ENSG00000199697	ENSMUSG00000094026	1
ENSG00000252166	ENSMUSG00000087752	1
ENSG00000277512	ENSMUSG00000077457	1
ENSG00000223280	ENSMUSG00000065657	1
ENSG00000281808	ENSMUSG00000077306	1
ENSG00000274086	ENSMUSG00000098736	1
ENSG00000281808	ENSMUSG00000088098	1
ENSG00000281808	ENSMUSG00000077201	1
ENSG00000281808	ENSMUSG00000077243	1
ENSG00000212302	ENSMUSG00000077527	1
ENSG00000201711	ENSMUSG00000064909	1
ENSG00000270722	ENSMUSG00000094812	1
ENSG00000244710	ENSMUSG00000092875	1
ENSG00000259303	ENSMUSG00000076731	1
ENSG00000212230	ENSMUSG00000088761	1
ENSG00000277809	ENSMUSG00000098828	1
ENSG00000212425	ENSMUSG00000077705	1
ENSG00000235284	ENSMUSG00000094382	1
ENSG00000278045	ENSMUSG00000098459	1
ENSG00000251774	ENSMUSG00000089499	1
ENSG00000275559	ENSMUSG00000098626	1
ENSG00000276530	ENSMUSG00000098946	1
ENSG00000280554	ENSMUSG00000064918	1
ENSG00000243546	ENSMUSG00000093191	1
ENSG00000277994	ENSMUSG00000098572	1
ENSG00000222225	ENSMUSG00000089563	1
ENSG00000222314	ENSMUSG00000089563	1
ENSG00000222314	ENSMUSG00000088761	1
ENSG00000207158	ENSMUSG00000065301	1
ENSG00000200753	ENSMUSG00000065289	1
ENSG00000259261	ENSMUSG00000094029	1
ENSG00000222225	ENSMUSG00000088761	1
ENSG00000252944	ENSMUSG00000084466	1
ENSG00000278857	ENSMUSG00000105630	1
ENSG00000277752	ENSMUSG00000098914	1
ENSG00000270722	ENSMUSG00000064923	1
ENSG00000270722	ENSMUSG00000095513	1
ENSG00000270722	ENSMUSG00000093834	1
ENSG00000212230	ENSMUSG00000089563	1
ENSG00000270722	ENSMUSG00000095260	1
ENSG00000238363	ENSMUSG00000092819	1
ENSG00000277341	ENSMUSG00000088217	1
ENSG00000199728	ENSMUSG00000088057	1
ENSG00000259303	ENSMUSG00000102364	1
ENSG00000259303	ENSMUSG00000095170	1
ENSG00000199551	ENSMUSG00000064834	1
ENSG00000206918	ENSMUSG00000089437	1
ENSG00000277524	ENSMUSG00000098732	1
ENSG00000281159	ENSMUSG00000105450	1
ENSG00000207299	ENSMUSG00000065289	1
ENSG00000251977	ENSMUSG00000088914	1
ENSG00000259303	ENSMUSG00000104452	1
ENSG00000270722	ENSMUSG00000095580	1
ENSG00000200220	ENSMUSG00000064526	1
ENSG00000200706	ENSMUSG00000064731	1
ENSG00000194297	ENSMUSG00000089487	1
ENSG00000201827	ENSMUSG00000065004	1
ENSG00000212309	ENSMUSG00000077358	1
ENSG00000221643	ENSMUSG00000080364	1
ENSG00000211976	ENSMUSG00000076668	1
ENSG00000211976	ENSMUSG00000076665	1
ENSG00000201301	ENSMUSG00000065873	1
ENSG00000273974	ENSMUSG00000099287	1
ENSG00000252712	ENSMUSG00000088254	1
ENSG00000207144	ENSMUSG00000088916	1
ENSG00000199266	ENSMUSG00000064585	1
ENSG00000176087	ENSMUSG00000033272	1
ENSG00000275231	ENSMUSG00000098526	1
ENSG00000176087	ENSMUSG00000033272	1
ENSG00000212157	ENSMUSG00000088761	1
ENSG00000212157	ENSMUSG00000089563	1
ENSG00000277483	ENSMUSG00000093191	1
ENSG00000200406	ENSMUSG00000084604	1
ENSG00000167395	ENSMUSG00000049739	1
ENSG00000200350	ENSMUSG00000089051	1
ENSG00000276376	ENSMUSG00000089068	1
ENSG00000211950	ENSMUSG00000095589	1
ENSG00000211943	ENSMUSG00000076665	1
ENSG00000212571	ENSMUSG00000070150	1
ENSG00000199815	ENSMUSG00000064858	1
ENSG00000211943	ENSMUSG00000076668	1
ENSG00000278757	ENSMUSG00000088761	1
ENSG00000198390	ENSMUSG00000056350	1
ENSG00000200072	ENSMUSG00000084667	1
ENSG00000167395	ENSMUSG00000049739	1
ENSG00000211965	ENSMUSG00000076668	1
ENSG00000167395	ENSMUSG00000049739	1
ENSG00000167395	ENSMUSG00000049739	1
ENSG00000211973	ENSMUSG00000095589	1
ENSG00000274576	ENSMUSG00000104452	1
ENSG00000274576	ENSMUSG00000095170	1
ENSG00000274576	ENSMUSG00000102364	1
ENSG00000274576	ENSMUSG00000076731	1
ENSG00000176087	ENSMUSG00000033272	1
ENSG00000200377	ENSMUSG00000065289	1
ENSG00000264346	ENSMUSG00000080364	1
ENSG00000176087	ENSMUSG00000033272	1
ENSG00000223181	ENSMUSG00000089563	1
ENSG00000212429	ENSMUSG00000077303	1
ENSG00000201675	ENSMUSG00000065219	1
ENSG00000202336	ENSMUSG00000098788	1
ENSG00000140265	ENSMUSG00000050619	1
ENSG00000140265	ENSMUSG00000050619	1
ENSG00000140265	ENSMUSG00000050619	1
ENSG00000202313	ENSMUSG00000094980	1
ENSG00000140265	ENSMUSG00000050619	1
ENSG00000140265	ENSMUSG00000050619	1
ENSG00000140265	ENSMUSG00000050619	1
ENSG00000140265	ENSMUSG00000050619	1
ENSG00000223181	ENSMUSG00000088761	1
ENSG00000212529	ENSMUSG00000084745	1
ENSG00000277444	ENSMUSG00000098367	1
ENSG00000207500	ENSMUSG00000077185	1
ENSG00000140265	ENSMUSG00000050619	1
ENSG00000187766	ENSMUSG00000094913	1
ENSG00000100906	ENSMUSG00000021025	1
ENSG00000100906	ENSMUSG00000021025	1
ENSG00000252860	ENSMUSG00000088708	1
ENSG00000239127	ENSMUSG00000088634	1
ENSG00000259330	ENSMUSG00000074918	1
ENSG00000207347	ENSMUSG00000088217	1
ENSG00000276642	ENSMUSG00000088623	1
ENSG00000259330	ENSMUSG00000074918	1
ENSG00000178395	ENSMUSG00000043429	1
ENSG00000178828	ENSMUSG00000070661	1
ENSG00000100906	ENSMUSG00000021025	1
ENSG00000100906	ENSMUSG00000021025	1
ENSG00000278592	ENSMUSG00000099270	1
ENSG00000100906	ENSMUSG00000021025	1
ENSG00000100906	ENSMUSG00000021025	1
ENSG00000100906	ENSMUSG00000021025	1
ENSG00000100906	ENSMUSG00000021025	1
ENSG00000100906	ENSMUSG00000021025	1
ENSG00000100906	ENSMUSG00000021025	1
ENSG00000271798	ENSMUSG00000065287	1
ENSG00000242182	ENSMUSG00000093191	1
ENSG00000206815	ENSMUSG00000084593	1
ENSG00000281910	ENSMUSG00000065211	1
ENSG00000212553	ENSMUSG00000094039	1
ENSG00000212553	ENSMUSG00000095458	1
ENSG00000212553	ENSMUSG00000095045	1
ENSG00000212553	ENSMUSG00000096660	1
ENSG00000212553	ENSMUSG00000094997	1
ENSG00000212553	ENSMUSG00000096190	1
ENSG00000212553	ENSMUSG00000095100	1
ENSG00000212553	ENSMUSG00000096159	1
ENSG00000212553	ENSMUSG00000096070	1
ENSG00000212553	ENSMUSG00000096110	1
ENSG00000212553	ENSMUSG00000096604	1
ENSG00000212553	ENSMUSG00000095374	1
ENSG00000212553	ENSMUSG00000096017	1
ENSG00000212553	ENSMUSG00000094407	1
ENSG00000212553	ENSMUSG00000096057	1
ENSG00000212553	ENSMUSG00000094573	1
ENSG00000212553	ENSMUSG00000096148	1
ENSG00000212553	ENSMUSG00000095479	1
ENSG00000212553	ENSMUSG00000094274	1
ENSG00000212553	ENSMUSG00000096759	1
ENSG00000212553	ENSMUSG00000096302	1
ENSG00000206676	ENSMUSG00000064945	1
ENSG00000222399	ENSMUSG00000088761	1
ENSG00000222399	ENSMUSG00000089563	1
ENSG00000207031	ENSMUSG00000064778	1
ENSG00000229686	ENSMUSG00000065289	1
ENSG00000223256	ENSMUSG00000089563	1
ENSG00000223256	ENSMUSG00000088761	1
ENSG00000212553	ENSMUSG00000094218	1
ENSG00000212553	ENSMUSG00000094987	1
ENSG00000212553	ENSMUSG00000096677	1
ENSG00000212553	ENSMUSG00000094923	1
ENSG00000212553	ENSMUSG00000094642	1
ENSG00000212553	ENSMUSG00000096502	1
ENSG00000212553	ENSMUSG00000094060	1
ENSG00000212553	ENSMUSG00000094890	1
ENSG00000212553	ENSMUSG00000095691	1
ENSG00000212553	ENSMUSG00000094994	1
ENSG00000212553	ENSMUSG00000094389	1
ENSG00000212553	ENSMUSG00000095639	1
ENSG00000212553	ENSMUSG00000094581	1
ENSG00000212553	ENSMUSG00000096305	1
ENSG00000212553	ENSMUSG00000096019	1
ENSG00000212553	ENSMUSG00000095618	1
ENSG00000212553	ENSMUSG00000094236	1
ENSG00000212553	ENSMUSG00000095734	1
ENSG00000212553	ENSMUSG00000093974	1
ENSG00000212553	ENSMUSG00000095389	1
ENSG00000212553	ENSMUSG00000093802	1
ENSG00000212553	ENSMUSG00000096634	1
ENSG00000212553	ENSMUSG00000096462	1
ENSG00000212553	ENSMUSG00000096845	1
ENSG00000212553	ENSMUSG00000093929	1
ENSG00000212553	ENSMUSG00000095060	1
ENSG00000252827	ENSMUSG00000088022	1
ENSG00000276675	ENSMUSG00000099130	1
ENSG00000277941	ENSMUSG00000098599	1
ENSG00000238886	ENSMUSG00000089308	1
ENSG00000207118	ENSMUSG00000095118	1
ENSG00000212553	ENSMUSG00000096313	1
ENSG00000212553	ENSMUSG00000096248	1
ENSG00000212553	ENSMUSG00000096475	1
ENSG00000212553	ENSMUSG00000094150	1
ENSG00000212553	ENSMUSG00000096231	1
ENSG00000212553	ENSMUSG00000093971	1
ENSG00000212553	ENSMUSG00000094837	1
ENSG00000212553	ENSMUSG00000095155	1
ENSG00000212553	ENSMUSG00000094109	1
ENSG00000212553	ENSMUSG00000095542	1
ENSG00000212553	ENSMUSG00000094599	1
ENSG00000212553	ENSMUSG00000094831	1
ENSG00000200087	ENSMUSG00000065353	1
ENSG00000212553	ENSMUSG00000094287	1
ENSG00000212553	ENSMUSG00000096868	1
ENSG00000212553	ENSMUSG00000096082	1
ENSG00000212553	ENSMUSG00000093869	1
ENSG00000212553	ENSMUSG00000096095	1
ENSG00000212553	ENSMUSG00000094960	1
ENSG00000212553	ENSMUSG00000096865	1
ENSG00000212553	ENSMUSG00000095641	1
ENSG00000212553	ENSMUSG00000094069	1
ENSG00000212553	ENSMUSG00000096431	1
ENSG00000200087	ENSMUSG00000064387	1
ENSG00000278757	ENSMUSG00000089563	1
ENSG00000207483	ENSMUSG00000095379	1
ENSG00000259261	ENSMUSG00000103939	1
ENSG00000238650	ENSMUSG00000088351	1
ENSG00000201950	ENSMUSG00000089517	1
ENSG00000200150	ENSMUSG00000084459	1
ENSG00000252338	ENSMUSG00000089593	1
ENSG00000206812	ENSMUSG00000065843	1
ENSG00000222287	ENSMUSG00000089293	1
ENSG00000222533	ENSMUSG00000089563	1
ENSG00000241756	ENSMUSG00000092875	1
ENSG00000252513	ENSMUSG00000087752	1
ENSG00000207483	ENSMUSG00000093829	1
ENSG00000201443	ENSMUSG00000077253	1
ENSG00000277613	ENSMUSG00000088761	1
ENSG00000212242	ENSMUSG00000084613	1
ENSG00000274309	ENSMUSG00000065840	1
ENSG00000202164	ENSMUSG00000089103	1
ENSG00000212534	ENSMUSG00000077345	1
ENSG00000200176	ENSMUSG00000096211	1
ENSG00000206724	ENSMUSG00000064793	1
ENSG00000202059	ENSMUSG00000064634	1
ENSG00000239112	ENSMUSG00000089317	1
ENSG00000276757	ENSMUSG00000092875	1
ENSG00000200150	ENSMUSG00000099132	1
ENSG00000278590	ENSMUSG00000092875	1
ENSG00000200150	ENSMUSG00000065013	1
ENSG00000200150	ENSMUSG00000064417	1
ENSG00000223258	ENSMUSG00000077248	1
ENSG00000222327	ENSMUSG00000088653	1
ENSG00000200150	ENSMUSG00000064621	1
ENSG00000249020	ENSMUSG00000064938	1
ENSG00000200150	ENSMUSG00000064679	1
ENSG00000252680	ENSMUSG00000089472	1
ENSG00000252263	ENSMUSG00000089497	1
ENSG00000206611	ENSMUSG00000065258	1
ENSG00000222533	ENSMUSG00000088761	1
ENSG00000207166	ENSMUSG00000077380	1
ENSG00000200840	ENSMUSG00000087761	1
ENSG00000200150	ENSMUSG00000064726	1
ENSG00000201098	ENSMUSG00000065701	1
ENSG00000202023	ENSMUSG00000064573	1
ENSG00000252377	ENSMUSG00000077155	1
ENSG00000276229	ENSMUSG00000099317	1
ENSG00000253032	ENSMUSG00000089005	1
ENSG00000206952	ENSMUSG00000105690	1
ENSG00000278026	ENSMUSG00000098254	1
ENSG00000252188	ENSMUSG00000087813	1
ENSG00000223225	ENSMUSG00000089563	1
ENSG00000223225	ENSMUSG00000088761	1
ENSG00000200288	ENSMUSG00000088790	1
ENSG00000200150	ENSMUSG00000084549	1
ENSG00000241356	ENSMUSG00000111566	1
ENSG00000206725	ENSMUSG00000087761	1
ENSG00000223062	ENSMUSG00000077349	1
ENSG00000206990	ENSMUSG00000064945	1
ENSG00000277613	ENSMUSG00000089563	1
ENSG00000199857	ENSMUSG00000096191	1
ENSG00000199857	ENSMUSG00000096473	1
ENSG00000202051	ENSMUSG00000064801	1
ENSG00000200063	ENSMUSG00000064581	1
ENSG00000200063	ENSMUSG00000065259	1
ENSG00000200422	ENSMUSG00000064731	1
ENSG00000199411	ENSMUSG00000064952	1
ENSG00000223294	ENSMUSG00000065273	1
ENSG00000278263	ENSMUSG00000094029	1
ENSG00000206897	ENSMUSG00000064570	1
ENSG00000277542	ENSMUSG00000099107	1
ENSG00000278263	ENSMUSG00000103939	1
ENSG00000212170	ENSMUSG00000065017	1
ENSG00000212190	ENSMUSG00000065239	1
ENSG00000206634	ENSMUSG00000065304	1
ENSG00000199857	ENSMUSG00000095772	1
ENSG00000199857	ENSMUSG00000094263	1
ENSG00000199857	ENSMUSG00000094179	1
ENSG00000200150	ENSMUSG00000084691	1
ENSG00000276609	ENSMUSG00000098484	2
ENSG00000199282	ENSMUSG00000064513	2
ENSG00000200816	ENSMUSG00000064853	2
ENSG00000199282	ENSMUSG00000064392	2
ENSG00000252145	ENSMUSG00000088596	2
ENSG00000238423	ENSMUSG00000065676	2
ENSG00000277583	ENSMUSG00000098567	2
ENSG00000201410	ENSMUSG00000064797	2
ENSG00000201728	ENSMUSG00000095631	2
ENSG00000199217	ENSMUSG00000064921	2
ENSG00000201493	ENSMUSG00000064677	2
ENSG00000278020	ENSMUSG00000099248	2
ENSG00000206991	ENSMUSG00000065314	2
ENSG00000200437	ENSMUSG00000065319	2
ENSG00000277717	ENSMUSG00000087989	2
ENSG00000201847	ENSMUSG00000065305	2
ENSG00000223302	ENSMUSG00000088825	2
ENSG00000239001	ENSMUSG00000088535	2
ENSG00000207304	ENSMUSG00000093277	2
ENSG00000277460	ENSMUSG00000099219	2
ENSG00000200354	ENSMUSG00000064405	2
ENSG00000199744	ENSMUSG00000065295	2
ENSG00000221381	ENSMUSG00000080683	2
ENSG00000212175	ENSMUSG00000077391	2
ENSG00000206817	ENSMUSG00000064945	2
ENSG00000253005	ENSMUSG00000064464	2
ENSG00000202322	ENSMUSG00000088075	2
ENSG00000253005	ENSMUSG00000064532	2
ENSG00000201894	ENSMUSG00000088802	2
ENSG00000200320	ENSMUSG00000065884	2
ENSG00000206685	ENSMUSG00000065936	2
ENSG00000221500	ENSMUSG00000080486	2
ENSG00000251763	ENSMUSG00000065246	2
ENSG00000202374	ENSMUSG00000064925	2
ENSG00000200887	ENSMUSG00000065080	2
ENSG00000251897	ENSMUSG00000064904	2
ENSG00000265706	ENSMUSG00000092713	2
ENSG00000274721	ENSMUSG00000099157	2
ENSG00000200257	ENSMUSG00000065872	2
ENSG00000200150	ENSMUSG00000087885	2
ENSG00000212625	ENSMUSG00000065275	2
ENSG00000283551	ENSMUSG00000080469	2
ENSG00000222783	ENSMUSG00000087852	2
ENSG00000199783	ENSMUSG00000065289	2
ENSG00000200563	ENSMUSG00000088553	2
ENSG00000278274	ENSMUSG00000064850	2
ENSG00000199932	ENSMUSG00000065770	2
ENSG00000206910	ENSMUSG00000065105	2
ENSG00000238808	ENSMUSG00000088970	2
ENSG00000207475	ENSMUSG00000084433	2
ENSG00000252032	ENSMUSG00000064854	2
ENSG00000199480	ENSMUSG00000084548	2
ENSG00000207419	ENSMUSG00000064697	2
ENSG00000199360	ENSMUSG00000064693	2
ENSG00000206772	ENSMUSG00000088615	2
ENSG00000200792	ENSMUSG00000077354	2
ENSG00000252073	ENSMUSG00000065898	2
ENSG00000223064	ENSMUSG00000096021	2
ENSG00000200983	ENSMUSG00000065016	2
ENSG00000281394	ENSMUSG00000105120	2
ENSG00000222164	ENSMUSG00000084741	2
ENSG00000206769	ENSMUSG00000094738	2
ENSG00000200959	ENSMUSG00000065649	2
ENSG00000253064	ENSMUSG00000087842	2
ENSG00000206842	ENSMUSG00000088535	2
ENSG00000199574	ENSMUSG00000064514	2
ENSG00000278708	ENSMUSG00000099173	2
ENSG00000202252	ENSMUSG00000096263	2
ENSG00000207304	ENSMUSG00000065226	2
ENSG00000280466	ENSMUSG00000104857	2
ENSG00000243365	ENSMUSG00000092875	2
ENSG00000238898	ENSMUSG00000064732	2
ENSG00000278144	ENSMUSG00000098986	2
ENSG00000115194	ENSMUSG00000029151	2
ENSG00000206627	ENSMUSG00000089546	2
ENSG00000199959	ENSMUSG00000064658	2
ENSG00000206604	ENSMUSG00000089407	2
ENSG00000275948	ENSMUSG00000098865	2
ENSG00000206604	ENSMUSG00000065636	2
ENSG00000206775	ENSMUSG00000064441	2
ENSG00000276706	ENSMUSG00000098320	2
ENSG00000212278	ENSMUSG00000065228	2
ENSG00000251774	ENSMUSG00000089055	2
ENSG00000187116	ENSMUSG00000112023	2
ENSG00000222365	ENSMUSG00000077565	2
ENSG00000187116	ENSMUSG00000112023	2
ENSG00000187116	ENSMUSG00000112023	2
ENSG00000200764	ENSMUSG00000064945	2
ENSG00000200891	ENSMUSG00000064440	2
ENSG00000207433	ENSMUSG00000064630	2
ENSG00000206585	ENSMUSG00000096838	2
ENSG00000206585	ENSMUSG00000095701	2
ENSG00000212461	ENSMUSG00000077427	2
ENSG00000222652	ENSMUSG00000077793	2
ENSG00000115194	ENSMUSG00000029151	2
ENSG00000115194	ENSMUSG00000029151	2
ENSG00000212461	ENSMUSG00000077664	2
ENSG00000272296	ENSMUSG00000064725	2
ENSG00000275502	ENSMUSG00000098978	2
ENSG00000239195	ENSMUSG00000088929	2
ENSG00000115194	ENSMUSG00000029151	2
ENSG00000115194	ENSMUSG00000029151	2
ENSG00000223215	ENSMUSG00000089009	2
ENSG00000115194	ENSMUSG00000029151	2
ENSG00000115194	ENSMUSG00000029151	2
ENSG00000206949	ENSMUSG00000098788	2
ENSG00000209482	ENSMUSG00000088219	2
ENSG00000206585	ENSMUSG00000065773	2
ENSG00000115194	ENSMUSG00000029151	2
ENSG00000115194	ENSMUSG00000029151	2
ENSG00000277320	ENSMUSG00000098298	2
ENSG00000207433	ENSMUSG00000089078	2
ENSG00000276664	ENSMUSG00000098948	2
ENSG00000207168	ENSMUSG00000093413	2
ENSG00000223284	ENSMUSG00000065591	2
ENSG00000211813	ENSMUSG00000076864	2
ENSG00000277694	ENSMUSG00000098749	2
ENSG00000212498	ENSMUSG00000077649	2
ENSG00000200972	ENSMUSG00000094131	2
ENSG00000238917	ENSMUSG00000089542	2
ENSG00000251975	ENSMUSG00000065199	2
ENSG00000211803	ENSMUSG00000096827	2
ENSG00000207047	ENSMUSG00000064612	2
ENSG00000211803	ENSMUSG00000095854	2
ENSG00000199683	ENSMUSG00000065808	2
ENSG00000212154	ENSMUSG00000084688	2
ENSG00000221245	ENSMUSG00000080622	2
ENSG00000202347	ENSMUSG00000064432	2
ENSG00000211783	ENSMUSG00000076800	2
ENSG00000252263	ENSMUSG00000088922	2
ENSG00000251697	ENSMUSG00000088908	2
ENSG00000187116	ENSMUSG00000112023	2
ENSG00000201998	ENSMUSG00000064451	2
ENSG00000222940	ENSMUSG00000089269	2
ENSG00000187116	ENSMUSG00000112023	2
ENSG00000225698	ENSMUSG00000076668	2
ENSG00000225698	ENSMUSG00000076668	2
ENSG00000201012	ENSMUSG00000065293	2
ENSG00000278643	ENSMUSG00000099192	2
ENSG00000212251	ENSMUSG00000084688	2
ENSG00000278261	ENSMUSG00000065094	2
ENSG00000223044	ENSMUSG00000099206	2
ENSG00000273961	ENSMUSG00000098717	2
ENSG00000206989	ENSMUSG00000065904	2
ENSG00000201001	ENSMUSG00000087987	2
ENSG00000201733	ENSMUSG00000105187	2
ENSG00000201151	ENSMUSG00000065289	2
ENSG00000201119	ENSMUSG00000077406	2
ENSG00000253047	ENSMUSG00000087813	2
ENSG00000252426	ENSMUSG00000065746	2
ENSG00000222940	ENSMUSG00000088982	2
ENSG00000200651	ENSMUSG00000092999	2
ENSG00000276015	ENSMUSG00000099240	2
ENSG00000115194	ENSMUSG00000029151	2
ENSG00000212461	ENSMUSG00000087880	2
ENSG00000252122	ENSMUSG00000080540	2
ENSG00000254341	ENSMUSG00000093178	2
ENSG00000244732	ENSMUSG00000093191	2
ENSG00000275063	ENSMUSG00000093838	2
ENSG00000275063	ENSMUSG00000076672	2
ENSG00000259261	ENSMUSG00000076676	2
ENSG00000275063	ENSMUSG00000103939	2
ENSG00000277826	ENSMUSG00000098628	2
ENSG00000199468	ENSMUSG00000096085	2
ENSG00000212461	ENSMUSG00000088098	2
ENSG00000281808	ENSMUSG00000077190	2
ENSG00000184363	ENSMUSG00000054065	2
ENSG00000184363	ENSMUSG00000054065	2
ENSG00000184363	ENSMUSG00000054065	2
ENSG00000184363	ENSMUSG00000054065	2
ENSG00000184363	ENSMUSG00000054065	2
ENSG00000169397	ENSMUSG00000050766	2
ENSG00000252081	ENSMUSG00000077148	2
ENSG00000273694	ENSMUSG00000084552	2
ENSG00000252514	ENSMUSG00000089083	2
ENSG00000206979	ENSMUSG00000065110	2
ENSG00000202449	ENSMUSG00000064880	2
ENSG00000200385	ENSMUSG00000084433	2
ENSG00000264229	ENSMUSG00000080542	2
ENSG00000200084	ENSMUSG00000064450	2
ENSG00000238382	ENSMUSG00000065664	2
ENSG00000198840	ENSMUSG00000064360	2
ENSG00000275968	ENSMUSG00000098667	2
ENSG00000278333	ENSMUSG00000098696	2
ENSG00000252288	ENSMUSG00000065903	2
ENSG00000137078	ENSMUSG00000028460	2
ENSG00000202150	ENSMUSG00000065760	2
ENSG00000137078	ENSMUSG00000028460	2
ENSG00000137078	ENSMUSG00000028460	2
ENSG00000207046	ENSMUSG00000095305	2
ENSG00000137078	ENSMUSG00000028460	2
ENSG00000278263	ENSMUSG00000076676	2
ENSG00000212589	ENSMUSG00000077190	2
ENSG00000184363	ENSMUSG00000054065	2
ENSG00000222230	ENSMUSG00000089564	2
ENSG00000184363	ENSMUSG00000054065	2
ENSG00000270722	ENSMUSG00000096838	2
ENSG00000278072	ENSMUSG00000098665	2
ENSG00000270722	ENSMUSG00000095701	2
ENSG00000184363	ENSMUSG00000054065	2
ENSG00000270722	ENSMUSG00000065773	2
ENSG00000200215	ENSMUSG00000088587	2
ENSG00000200215	ENSMUSG00000088294	2
ENSG00000274091	ENSMUSG00000065635	2
ENSG00000251917	ENSMUSG00000065746	2
ENSG00000281808	ENSMUSG00000087908	2
ENSG00000281808	ENSMUSG00000077487	2
ENSG00000201820	ENSMUSG00000084711	2
ENSG00000212461	ENSMUSG00000077243	2
ENSG00000201547	ENSMUSG00000077588	2
ENSG00000201547	ENSMUSG00000064706	2
ENSG00000221468	ENSMUSG00000080673	2
ENSG00000212461	ENSMUSG00000077730	2
ENSG00000274091	ENSMUSG00000065640	2
ENSG00000207166	ENSMUSG00000077563	2
ENSG00000281808	ENSMUSG00000077804	2
ENSG00000206589	ENSMUSG00000065314	2
ENSG00000184363	ENSMUSG00000054065	2
ENSG00000174807	ENSMUSG00000056481	2
ENSG00000212589	ENSMUSG00000087908	2
ENSG00000212589	ENSMUSG00000088009	2
ENSG00000281808	ENSMUSG00000077641	2
ENSG00000212589	ENSMUSG00000077804	2
ENSG00000281808	ENSMUSG00000088009	2
ENSG00000207183	ENSMUSG00000064591	2
ENSG00000212589	ENSMUSG00000077641	2
ENSG00000212589	ENSMUSG00000077487	2
ENSG00000184363	ENSMUSG00000054065	2
ENSG00000184363	ENSMUSG00000054065	2
ENSG00000281808	ENSMUSG00000077689	3
ENSG00000281808	ENSMUSG00000077643	3
ENSG00000132671	ENSMUSG00000037014	3
ENSG00000264767	ENSMUSG00000092805	3
ENSG00000281808	ENSMUSG00000088325	3
ENSG00000199905	ENSMUSG00000093864	3
ENSG00000156976	ENSMUSG00000022884	3
ENSG00000199785	ENSMUSG00000064666	3
ENSG00000251703	ENSMUSG00000089593	3
ENSG00000252906	ENSMUSG00000089536	3
ENSG00000211804	ENSMUSG00000076848	3
ENSG00000156976	ENSMUSG00000022884	3
ENSG00000211804	ENSMUSG00000076848	3
ENSG00000222937	ENSMUSG00000089239	3
ENSG00000281808	ENSMUSG00000077378	3
ENSG00000202269	ENSMUSG00000089473	3
ENSG00000116990	ENSMUSG00000028654	3
ENSG00000116990	ENSMUSG00000028654	3
ENSG00000116990	ENSMUSG00000028654	3
ENSG00000212529	ENSMUSG00000065100	3
ENSG00000212443	ENSMUSG00000077167	3
ENSG00000195024	ENSMUSG00000065374	3
ENSG00000252800	ENSMUSG00000089209	3
ENSG00000276161	ENSMUSG00000064858	3
ENSG00000116990	ENSMUSG00000028654	3
ENSG00000275372	ENSMUSG00000098566	3
ENSG00000156976	ENSMUSG00000022884	3
ENSG00000187612	ENSMUSG00000075148	3
ENSG00000181961	ENSMUSG00000111239	3
ENSG00000177125	ENSMUSG00000068966	3
ENSG00000177125	ENSMUSG00000068966	3
ENSG00000199424	ENSMUSG00000065293	3
ENSG00000157593	ENSMUSG00000037089	3
ENSG00000157593	ENSMUSG00000037089	3
ENSG00000157593	ENSMUSG00000037089	3
ENSG00000157593	ENSMUSG00000037089	3
ENSG00000157593	ENSMUSG00000037089	3
ENSG00000157593	ENSMUSG00000037089	3
ENSG00000157593	ENSMUSG00000037089	3
ENSG00000231292	ENSMUSG00000094420	3
ENSG00000231292	ENSMUSG00000093906	3
ENSG00000206959	ENSMUSG00000065293	3
ENSG00000212517	ENSMUSG00000077497	3
ENSG00000212345	ENSMUSG00000089074	3
ENSG00000202099	ENSMUSG00000088195	3
ENSG00000259490	ENSMUSG00000076653	3
ENSG00000169271	ENSMUSG00000051456	3
ENSG00000201610	ENSMUSG00000093322	3
ENSG00000212658	ENSMUSG00000078254	3
ENSG00000250036	ENSMUSG00000094420	3
ENSG00000250036	ENSMUSG00000093906	3
ENSG00000251546	ENSMUSG00000105630	3
ENSG00000198727	ENSMUSG00000064370	3
ENSG00000228253	ENSMUSG00000064356	3
ENSG00000198804	ENSMUSG00000064351	3
ENSG00000212452	ENSMUSG00000077212	3
ENSG00000252400	ENSMUSG00000088344	3
ENSG00000156976	ENSMUSG00000022884	3
ENSG00000186971	ENSMUSG00000050704	3
ENSG00000211965	ENSMUSG00000076665	3
ENSG00000156976	ENSMUSG00000022884	3
ENSG00000156976	ENSMUSG00000022884	3
ENSG00000156976	ENSMUSG00000022884	3
ENSG00000156976	ENSMUSG00000022884	3
ENSG00000156976	ENSMUSG00000022884	3
ENSG00000156976	ENSMUSG00000022884	3
ENSG00000156976	ENSMUSG00000022884	3
ENSG00000156976	ENSMUSG00000022884	3
ENSG00000156976	ENSMUSG00000022884	3
ENSG00000201641	ENSMUSG00000064574	3
ENSG00000156976	ENSMUSG00000022884	3
ENSG00000156976	ENSMUSG00000022884	3
ENSG00000156976	ENSMUSG00000022884	3
ENSG00000156976	ENSMUSG00000022884	3
ENSG00000156976	ENSMUSG00000022884	3
ENSG00000252073	ENSMUSG00000065235	3
ENSG00000156976	ENSMUSG00000022884	3
ENSG00000156976	ENSMUSG00000022884	3
ENSG00000156976	ENSMUSG00000022884	3
ENSG00000156976	ENSMUSG00000022884	3
ENSG00000156976	ENSMUSG00000022884	3
ENSG00000156976	ENSMUSG00000022884	3
ENSG00000156976	ENSMUSG00000022884	3
ENSG00000156976	ENSMUSG00000022884	3
ENSG00000156976	ENSMUSG00000022884	3
ENSG00000252325	ENSMUSG00000064446	3
ENSG00000223007	ENSMUSG00000088239	3
ENSG00000281990	ENSMUSG00000094502	3
ENSG00000211693	ENSMUSG00000076755	3
ENSG00000211958	ENSMUSG00000095612	3
ENSG00000201292	ENSMUSG00000077163	3
ENSG00000199327	ENSMUSG00000065159	3
ENSG00000200189	ENSMUSG00000064486	3
ENSG00000212461	ENSMUSG00000077209	3
ENSG00000212461	ENSMUSG00000089114	3
ENSG00000238882	ENSMUSG00000064524	3
ENSG00000212461	ENSMUSG00000077663	3
ENSG00000212461	ENSMUSG00000095175	3
ENSG00000212461	ENSMUSG00000096514	3
ENSG00000212461	ENSMUSG00000089538	3
ENSG00000212461	ENSMUSG00000087867	3
ENSG00000212461	ENSMUSG00000094384	3
ENSG00000212461	ENSMUSG00000095732	3
ENSG00000212461	ENSMUSG00000077149	3
ENSG00000212461	ENSMUSG00000093944	3
ENSG00000212461	ENSMUSG00000077492	3
ENSG00000207249	ENSMUSG00000065899	3
ENSG00000212461	ENSMUSG00000088346	3
ENSG00000207241	ENSMUSG00000065738	3
ENSG00000212461	ENSMUSG00000096087	3
ENSG00000212359	ENSMUSG00000089381	3
ENSG00000200756	ENSMUSG00000098788	3
ENSG00000252636	ENSMUSG00000064394	3
ENSG00000201700	ENSMUSG00000064452	3
ENSG00000212278	ENSMUSG00000064573	3
ENSG00000273537	ENSMUSG00000099117	3
ENSG00000206603	ENSMUSG00000065304	3
ENSG00000212461	ENSMUSG00000077447	3
ENSG00000212628	ENSMUSG00000084718	3
ENSG00000201403	ENSMUSG00000064741	3
ENSG00000252386	ENSMUSG00000077155	3
ENSG00000206585	ENSMUSG00000064967	3
ENSG00000223215	ENSMUSG00000084601	3
ENSG00000200320	ENSMUSG00000064382	3
ENSG00000222139	ENSMUSG00000089443	3
ENSG00000251985	ENSMUSG00000089607	3
ENSG00000200146	ENSMUSG00000089253	3
ENSG00000201361	ENSMUSG00000084718	3
ENSG00000201942	ENSMUSG00000089353	3
ENSG00000275063	ENSMUSG00000076670	3
ENSG00000277764	ENSMUSG00000098848	3
ENSG00000206834	ENSMUSG00000064634	3
ENSG00000252209	ENSMUSG00000087752	3
ENSG00000276055	ENSMUSG00000099052	3
ENSG00000207214	ENSMUSG00000094681	3
ENSG00000207504	ENSMUSG00000065185	3
ENSG00000252039	ENSMUSG00000099206	3
ENSG00000206599	ENSMUSG00000094785	3
ENSG00000207178	ENSMUSG00000065198	3
ENSG00000202172	ENSMUSG00000088566	3
ENSG00000207003	ENSMUSG00000064429	3
ENSG00000199282	ENSMUSG00000064570	3
ENSG00000223027	ENSMUSG00000084745	3
ENSG00000276494	ENSMUSG00000099151	3
ENSG00000202433	ENSMUSG00000088071	3
ENSG00000212589	ENSMUSG00000088325	3
ENSG00000273544	ENSMUSG00000065709	3
ENSG00000274091	ENSMUSG00000077604	3
ENSG00000278802	ENSMUSG00000099136	3
ENSG00000199603	ENSMUSG00000065657	3
ENSG00000206598	ENSMUSG00000084740	3
ENSG00000212167	ENSMUSG00000087966	3
ENSG00000200394	ENSMUSG00000064853	3
ENSG00000278324	ENSMUSG00000098845	3
ENSG00000206631	ENSMUSG00000077265	3
ENSG00000252297	ENSMUSG00000088458	3
ENSG00000202237	ENSMUSG00000088067	3
ENSG00000252456	ENSMUSG00000084446	3
ENSG00000212589	ENSMUSG00000077378	3
ENSG00000212589	ENSMUSG00000077689	3
ENSG00000239250	ENSMUSG00000092875	3
ENSG00000212589	ENSMUSG00000077643	3
ENSG00000202281	ENSMUSG00000084584	3
ENSG00000207251	ENSMUSG00000065591	3
ENSG00000275043	ENSMUSG00000064721	3
ENSG00000207454	ENSMUSG00000095610	3
ENSG00000252249	ENSMUSG00000088790	3
ENSG00000206604	ENSMUSG00000075908	3
ENSG00000199859	ENSMUSG00000065678	3
ENSG00000206888	ENSMUSG00000065678	3
ENSG00000206787	ENSMUSG00000095635	3
ENSG00000252183	ENSMUSG00000088750	3
ENSG00000252249	ENSMUSG00000089291	3
ENSG00000252214	ENSMUSG00000088627	3
ENSG00000206917	ENSMUSG00000065745	3
ENSG00000274547	ENSMUSG00000099332	3
ENSG00000201752	ENSMUSG00000065242	3
ENSG00000223004	ENSMUSG00000065378	3
ENSG00000223004	ENSMUSG00000084668	3
ENSG00000212387	ENSMUSG00000088066	3
ENSG00000251773	ENSMUSG00000064904	3
ENSG00000200681	ENSMUSG00000064524	3
ENSG00000202434	ENSMUSG00000064435	3
ENSG00000207407	ENSMUSG00000064634	3
ENSG00000200090	ENSMUSG00000064945	3
ENSG00000281295	ENSMUSG00000089447	3
ENSG00000222800	ENSMUSG00000064550	3
ENSG00000201367	ENSMUSG00000089051	3
ENSG00000212535	ENSMUSG00000088663	3
ENSG00000223302	ENSMUSG00000064765	3
ENSG00000200051	ENSMUSG00000065463	3
ENSG00000207183	ENSMUSG00000088787	3
ENSG00000251970	ENSMUSG00000087752	3
ENSG00000202428	ENSMUSG00000088066	3
ENSG00000270722	ENSMUSG00000064967	3
ENSG00000206880	ENSMUSG00000065656	3
ENSG00000274934	ENSMUSG00000098328	3
ENSG00000199728	ENSMUSG00000065053	3
ENSG00000200407	ENSMUSG00000088253	3
ENSG00000252415	ENSMUSG00000087718	3
ENSG00000222054	ENSMUSG00000089207	3
ENSG00000223003	ENSMUSG00000088926	3
ENSG00000207198	ENSMUSG00000064743	3
ENSG00000212584	ENSMUSG00000064775	3
ENSG00000271932	ENSMUSG00000089081	3
ENSG00000223087	ENSMUSG00000089290	3
ENSG00000212601	ENSMUSG00000077620	3
ENSG00000202229	ENSMUSG00000088879	3
ENSG00000207287	ENSMUSG00000088066	3
ENSG00000212219	ENSMUSG00000088000	3
ENSG00000200701	ENSMUSG00000088337	3
ENSG00000201916	ENSMUSG00000065293	3
ENSG00000206684	ENSMUSG00000084607	3
ENSG00000222255	ENSMUSG00000096639	3
ENSG00000252416	ENSMUSG00000088889	3
ENSG00000252707	ENSMUSG00000077230	3
ENSG00000207051	ENSMUSG00000077564	3
ENSG00000263815	ENSMUSG00000092875	3
ENSG00000200779	ENSMUSG00000088656	3
ENSG00000206866	ENSMUSG00000089369	3
ENSG00000221676	ENSMUSG00000080673	3
ENSG00000252101	ENSMUSG00000088873	3
ENSG00000200555	ENSMUSG00000065769	3
ENSG00000208892	ENSMUSG00000077254	3
ENSG00000207166	ENSMUSG00000088691	3
ENSG00000207364	ENSMUSG00000077677	3
ENSG00000200733	ENSMUSG00000064536	3
ENSG00000200150	ENSMUSG00000087994	3
ENSG00000206871	ENSMUSG00000088149	3
ENSG00000221740	ENSMUSG00000096832	3
ENSG00000221740	ENSMUSG00000095205	3
ENSG00000201826	ENSMUSG00000089051	3
ENSG00000252980	ENSMUSG00000065235	3
ENSG00000208797	ENSMUSG00000064984	3
ENSG00000201182	ENSMUSG00000065875	3
ENSG00000207308	ENSMUSG00000095610	3
ENSG00000212378	ENSMUSG00000077220	3
